date,ticker,headline,sent_score,next_day_return
2020-04-27,CHGG,Chegg (CHGG) Reports Next Week: Wall Street Expects Earnings Growth,-0.7498073577880859,-0.016726331511697556
2018-01-19,ADI,Mellanox (MLNX) Q4 Earnings and Revenues Beat Estimates,-0.9070435762405396,0.005304618436158259
2018-10-23,ALKS,Alkermes plc 2018 Q3 - Results - Earnings Call Slides,0.4650723338127136,-0.003981086162709646
2020-05-06,MKL,"Check Capital Management Inc Buys Brookfield Asset Management Inc, Oshkosh Corp, Advance Auto ...",0.844171941280365,0.03207286091763928
2015-09-24,KOP,Air Products (APD) to Display Copper Barrier Slurries at ICPT,0.8808377981185913,0.036144794263673896
2012-07-11,ALGT,"Target, Amgen Among Stocks Hitting 52-Week Highs Wednesday",-0.787129819393158,-0.011243099602776252
2019-02-27,ACCO,"ACCO Brands Corp (ACCO) Files –…-K for the Fiscal Year Ended on December '–, —…–8",0.8914268016815186,0.003236088284905625
2014-09-15,CTSH,Stocks Headed For Mixed Start; RadioShack Surges,-0.00512714684009552,0.015121182318055704
2012-07-09,MDRX,Cerner Upgraded to Outperform - Analyst Blog,-0.8850881457328796,-0.039347393897326444
2017-08-10,FMS,Varian Medical (VAR) Signs Distribution Deal with Bionix,-0.12853491306304932,0.020022264908801546
2018-12-24,PGR,Can Progressive (PGR) Keep the Earnings Surprise Streak Alive?,0.3821604251861572,0.039600499460414884
2017-08-29,BURL,"Best Buy (BBY) Beats on Q2 Earnings & Sales, Raises View",0.7831496596336365,0.01403957977843251
2014-09-08,ROP,"Watts Water to Benefit from Order Rates, Headwinds Remain - Analyst Blog",-0.5231025815010071,-0.006236121572042674
2012-04-11,TAP,5 'Sinful' Stocks to Buy for 2012 Gains,0.8565148115158081,0.0004899065148116222
2018-04-27,WEN,"Hilton (HLT) Beats Q1 Earnings Estimates, Raises 2018 View",-0.8422873616218567,-0.018757118489640123
2018-12-12,HYG,Easy 9.1% Yield From Solar Senior Capital Plus Upcoming Rally,-0.8354587554931641,0.0024011220869057937
2013-04-26,VTR,Ventas Beats Earnings on Solid Revenue - Analyst Blog,-0.9113113284111023,0.007524171061032092
2015-08-03,TD,Bank Of Montreal Dividend Stock Analysis 2015,0.9118287563323975,0.003001822535110499
2016-08-01,ARCC,The A-Team: Review Of July 2016,0.9055893421173096,-0.011118562204123328
2013-06-13,CLDT,Chatham Makes Capital Infusion - Analyst Blog,0.9031031131744385,0.01895993435348342
2018-02-08,OXLC,Oxford Lane Capital reports Q3 results,0.801628828048706,-0.018269521462638383
2018-08-01,RGR,U.S. judge halts 3D gun blueprints,0.08855243772268295,0.05727690566962962
2018-04-12,VSTM,Verastem: A Solid Player On A Crowded Field,-0.3990786075592041,0.01719902026952358
2015-02-09,AWI,Simpson Manufacturing Up as Q4 Earnings Beat Estimates - Analyst Blog,-0.9215404987335205,0.0003930301154893012
2019-01-28,WAB,Pacific Square still cautious on Wabtec,0.056111883372068405,0.023774336066063162
2019-07-30,INCY,Incyte (INCY) Q2 Earnings and Revenues Beat Estimates,-0.7835969924926758,-0.005969824820421632
2019-04-08,FTNT,"Mercury's New SSDs Attract Steady Takers, Boost Business",-0.8473730087280273,0.014289050626502542
2018-01-10,SSB,"Arbor Investment Advisors, LLC Buys PIMCO Enhanced Short Maturity Active Exchange-Trad, South ...",0.44043442606925964,0.021824495837019064
2016-12-14,FFKT,Will Farmers Capital Bank (FFKT) Continue to Surge Higher?,-0.843183159828186,0.05391515931992541
2019-11-14,PEO,Adams Natural Resources Fund Declares Year-End Distribution,0.6642253398895264,0.017156970129211357
2019-06-06,HEDJ,Tariff Threats To Mexico And China Send Stocks Down In May,0.006882157176733017,0.011157637474773274
2012-08-21,IP,International Paper Is Near a Key Resistance Area,-0.46255794167518616,0.00173115291360193
2012-08-06,AES,AES Corporation Misses Estimate - Analyst Blog,0.8411988019943237,-0.015371788014945098
2018-06-25,BWA,EVs And Robots Offer Powerful New Growth Legs For Nidec,-0.5721789598464966,-0.00486892263104477
2019-10-25,DSM,Q3 2019 Credit Commentary,0.8556803464889526,-0.013095347479704644
2018-01-09,TPH,"S&P, NASDAQ: Five Records in First Five Days of '18",0.44942280650138855,-0.019121490022694032
2015-04-10,BFZ,BlackRock California Municipal Income Trust announces $0.072200 distribution,0.8318743109703064,-0.0005141864188298317
2019-10-21,SOXX,Semis gain on US-China progress,-0.1953725665807724,-0.008729494464082
2018-05-04,ECYT,"Zacks.com highlights: Baytex Energy, Capstone Turbine, Endocyte, First BanCorp and FuelCell",0.9165753126144409,0.05509636445175148
2015-05-29,NWPX,Positive Asymmetric Risk Set-Up In Northwest Pipe Stock,-0.7730767726898193,0.0019258068029439634
2017-02-03,KLAC,Investors Turned 'Very Bullish' On Tech ETFs In January Amid Earnings,-0.5887961983680725,-0.006736021551716265
2019-10-24,IAF,Aberdeen Standard Investments Inc. Announces Release Of U.S. Closed End Funds Monthly Factsheets,0.8945523500442505,0.0
2016-05-02,JCI,The Vetr community has upgraded $JCI to 3.5-Stars.,-0.8949699401855469,-0.013830439870470723
2020-02-07,PGR,"Giverny Capital Inc. Buys Progressive Corp, Keysight Technologies Inc, Southwest Airlines Co, ...",0.8484670519828796,0.0039637597260469
2017-01-10,NGG,Sunrun +4% on new solar partnership deal with National Grid,-0.36017605662345886,0.00862047369523733
2019-05-20,RRC,Natural Gas Inventory Injection Comes In Above Expectations,-0.42907264828681946,0.03489752819840897
2020-02-07,TROX,"Dean Capital Investments Management, LLC Buys Tronox Holdings PLC, Evolent Health Inc, ...",0.7572643756866455,0.04791907684216423
2019-06-13,PGZ,Mortgage rates hold near two-year low,-0.09796999394893646,0.005771326418692713
2013-06-07,DGX,Quest and Hologic Extend Ties - Analyst Blog,0.8643181324005127,0.01575030212546591
2018-08-10,CACI,CACI International (CACI) Hits Fresh Highs: Is There Still Room to Run?,-0.02346247434616089,-0.0002774787380646071
2017-07-17,FOXF,Fox Factory Holding Corp. Announces Second Quarter Fiscal Year —…–7 Earnings Conference Call,0.8441287875175476,0.005434803453420622
2013-07-30,SON,MeadWestvaco's Q2 Earnings Lag Y/Y - Analyst Blog,0.023814881220459938,0.0031270138820691518
2010-04-30,KGC,"Gold Prices: When Will $1,200 Be Hit?",0.6689077615737915,-0.014232615411891247
2019-06-26,PPLT,"Precious Metals Report - Wednesday, June 26",0.8477912545204163,-0.002076252761274544
2017-03-22,PERY,Perry Ellis International's (PERY) CEO Oscar Feldenkreis on Q4 2017 Results - Earnings Call Transcript,0.9049570560455322,-0.00047082057389824516
2015-05-22,CRUS,"Hewlett-Packard Tops Q2 Earnings, Lags Sales; Q3 View Soft - Analyst Blog",0.07004100829362869,-0.05689560051577425
2019-10-21,FUN,Stocks Flashing Renewed Technical Strength: Cedar Fair,-0.9070934057235718,-0.008278838948153733
2015-06-04,FCG,"EPA: Fracking has had no ""widespread, systemic"" impact on drinking water",0.786797285079956,0.007759409983215226
2020-01-31,STIP,"Laurel Wealth Advisors LLC Buys Truist Financial Corp, Amazon. ...",0.8016613721847534,-0.0017105300441335736
2016-04-14,DPZ,March Retail Sales Down? Feh! These Stocks Show The Consumer Is Exuberant,0.06738599389791489,0.009834643077752059
2017-03-15,SLX,Greenback Softens Ahead Of FOMC,-0.2899514436721802,-0.0011616843732668025
2017-03-15,PAHC,Zoetis: A Well-Loved Leader,0.6549495458602905,0.0017827773910172873
2018-10-22,SCG,SCANA -11%; says judge order finds state's base load review unconstitutional,0.32371973991394043,0.029120802797991008
2018-06-01,TREX,Bulletproof Investing Performance Update: Week 27,0.6598188877105713,0.006108370022325005
2018-08-08,EQIX,Equinix (EQIX) Q2 2018 Results - Earnings Call Transcript,0.7328557968139648,-0.0056093713011802215
2019-10-08,LQD,Diversify In The Face Of A Fragile Market,-0.24061131477355957,0.0003919408550290271
2019-05-10,XLK,"R. G. Niederhoffer Capital Management Inc Buys Amazon.com Inc, Celgene Corp, Caterpillar Inc",0.8546169996261597,-0.03767408782537496
2016-08-05,DVY,Are Dividend Stocks Expensive? A View From The Top,0.8506519794464111,0.0006925918420728205
2016-08-03,HNNA,Hennessy Advisors declares $0.08 dividend,0.8895432949066162,-0.0014265058162267197
2018-03-28,SVXY,Market Volatility Bulletin: Tech Gets Its FANGS Into The Broader Averages,0.47816967964172363,0.03985826490572264
2013-02-15,OSK,GM to Showcase New Cadillac - Analyst Blog,0.8270449042320251,0.0201207773203953
2013-09-13,LITB,China Internet Stocks Dominate IBD Fast--Growing List,-0.5366665124893188,-0.005150223211630167
2019-06-25,TECL,The Tech Topics We Aren't Talking About With NY Times' Kevin Roose,0.9049298763275146,0.03196736767931396
2016-05-31,SCHC,Inside My Portfolio: What I Hold And Why,0.9098509550094604,0.0006700175940475006
2016-01-21,MSEX,Which Other Utilities Are In The Same Class As Southern Company?,0.912655770778656,0.034745916415315437
2019-05-16,FEM,Where Next? Our Post-Recovery Outlook For Emerging-Market Debt,0.8633705973625183,-0.02024985604211793
2019-09-23,NATH,The Home Run Stocks Wall Street Doesn't Want You To Know About,0.7981398105621338,0.0
2013-04-23,CXW,Crime Pays For REIT Investors,0.8200095891952515,-0.003321610021516541
2018-04-16,SLB,Schlumberger seeks to hike patent damages in case before Supreme Court,-0.1123567670583725,0.0020433839177667057
2018-05-03,RRC,"In The E&P Space, 'Grow' Is A Four-Letter Word",0.9068629741668701,0.01490314922582403
2019-09-25,CLS,The Hottest Investment Sector You've Never Heard Of,0.8603554368019104,0.013661188837086113
2018-03-26,BFAM,After Hours Gainers / Losers (3/26/2018),0.8312140107154846,-0.06506160005469663
2018-11-02,FXL,Week in tech: Apple pulls red on soft holiday guide,-0.04473540186882019,-0.008741912408776309
2018-03-20,JKS,"Solar companies shine on optimism over tariff exemptions, panel pricing",-0.3583267629146576,-0.014146403161418797
2020-03-18,MDLZ,Stock Upgrades: Mondelez Intl Inc Shows Rising Relative Strength,-0.9271884560585022,-0.02320093068372131
2015-09-15,REGN,Biotech Poised to Rebound: 5 Growth Picks,-0.9028477668762207,-0.0008497890942938957
2016-01-21,MAIN,Main Street Capital's Dividend Sustainability And Projection Analysis (Pre Q4 2015 Earnings),0.9092726111412048,0.031354106705131946
2016-09-29,SHIP,Seanergy Maritime announces agreements to acquire two dry bulk vessels,-0.7433229684829712,0.019802019927141368
2015-08-06,NYT,Publishing Stock Outlook - Aug. 2015 - Zacks Analyst Interviews,0.9156121611595154,0.03046845048592428
2014-12-29,BLIN,"Bridgeline Digital EPS in-line, misses on revenue",0.8701679706573486,-0.02083333333333337
2020-02-27,RCL,"Zacks Market Edge Highlights: Occidental Petroleum, Expedia, United Airlines, Royal Caribbean and Facebook",0.8395868539810181,0.04428581247406638
2018-02-07,NVG,"Muni Fortnightly - February 5, 2018",0.8726622462272644,-0.003434625883812381
2017-08-04,BBT,"Kdi Capital Partners Llc Buys Hanesbrands Inc, iShares –-' Year Credit Bond ETF, BB&T ...",0.6920877695083618,-0.01795622572305633
2019-01-07,IMKTA,5 Stocks With Substantial Net Profit Margin to Invest in,-0.4992659389972687,0.0006767171724633148
2014-12-11,MERC,What Makes Rentech Nitrogen Partners (RNF) a Strong Sell? - Tale of the Tape,0.7676190733909607,-0.031118803232456638
2017-09-28,IBKR,Morgan Stanley Charged for Improper Supervision of UIT Sale,0.06156521290540695,0.004684810145866525
2020-02-11,ADMA,"Adma Biologics Inc (ADMA) President and CEO Adam S Grossman Bought $—99,999 of Shares",0.8682123422622681,-0.0013947320467818658
2012-06-06,HOV,"Ryland, PulteGroup Upgraded; Hovnanian Q2 Surprises",-0.8253609538078308,0.03482587064676612
2018-06-14,XLK,S&P 500: Sentiment No Longer Favors Bulls,0.3444839119911194,-0.0038193528689007827
2015-04-09,OXM,Nicklaus Shoots Hole-In-One As Masters Tees Off,0.7771191000938416,0.010321639286539286
2019-10-08,MKTX,MarketAxess sees record trading in emerging markets bonds,-0.8816186189651489,0.02480730804574005
2020-03-09,SQQQ,"Coronavirus, Russia Send Oil Stocks Plunging; Here's One Bright Spot In The Market",0.10805527120828629,-0.15603921590458303
2014-04-25,XLY,Consumer Discretionary ETFs Gain Despite MCD Earnings - ETF News And Commentary,0.3978842794895172,-0.0025219122367949875
2020-02-04,EW,"Eaton Vance Exits Celgene, Trims Amgen Position",0.9097527265548706,0.021117800889883798
2016-12-05,MAN,28 Stocks For December 2016,0.8907051682472229,0.022672392844415246
2015-12-21,PANW,The Vetr community has upgraded $PANW to 3.5-Stars.,-0.8917678594589233,-0.002525982662619275
2015-07-01,BND,Ivy Portfolio July Update,0.9044554233551025,0.002472048396910953
2019-10-30,TRP,"Concho (CXO) Q3 Earnings Miss on Weak Prices, Revenue Tops",0.003790648654103279,-0.0019829255630190445
2019-03-19,OSK,Dana Launches Trac-Lok Differential for Medium-Duty Trucks,0.2741272449493408,-0.019870326494816015
2014-10-16,WDC,Finding Value in a Digital Storage Business,0.7097388505935669,0.014723046566279985
2019-08-12,TCX,TGV Partners Fund H1 2019 Commentary,0.8854658007621765,0.023730211655345057
2017-09-07,XLV,New Chance To Buy Hot Chips Like Nvidia May Be Coming Up,-0.37347903847694397,0.004502962712280567
2017-12-01,DSU,An Update On Polly: She May Be Coming Back To Life,0.7346855401992798,0.0034388885655622925
2019-12-12,SSO,The Unending Artificial Boom,0.30453118681907654,0.0012375980580927592
2013-01-24,LPX,Louisiana-Pacific Corp. - Momentum,0.9025443196296692,0.0019180496142561232
2017-11-20,UTHR,United Therapeutics announces additional six months of regulatory exclusivity for Adcirca,0.0537702739238739,-0.0062598518639965794
2015-05-18,VIPS,"Vipshop Stock Under Attack, iQiyi In Merger Denial",0.11067172884941101,-0.025573527153449738
2015-07-06,RSX,10 Consequences Of Greece's 'No',-0.44927701354026794,0.013801095510477257
2018-12-03,VNQ,REITs: The Only Asset Class That Will Deliver Required Returns (Part II),0.8927379846572876,-0.01480220107196839
2015-10-08,NWSA,Saudi Prince Increases Stake in Twitter (TWTR) to Over 5%,-0.7798840999603271,-0.0064057660101006775
2019-01-17,MTG,MGIC Investment Corp (MTG) CEO Patrick Sinks on Q4 2018 Results - Earnings Call Transcript,0.810302197933197,0.009442314741606062
2019-04-08,LNN,Lindsay Q2 2019 Earnings Preview,0.6550902724266052,-0.09544024561270514
2014-07-10,CAMT,Is Now the Time to Reconsider Semiconductor Solutions Stock Orbotech Ltd (ORBK)? CAMT & KLAC,0.9112485647201538,0.04499994533174956
2015-02-05,PGJ,Global Economy Expands At A Modestly Faster Pace In January,-0.9015958905220032,-0.010955291516446364
2019-08-19,PZZA,Domino's sticks with in-house delivery,0.8440582752227783,-0.0027815812217835134
2018-10-08,BX,"Road To Financial Independence: Best September Ever, Investing Into Technology Stocks Amid Mounting Trade Woes",-0.8285878896713257,-0.0024161910579314494
2017-12-08,VNQ,"Affiance Financial, LLC Buys iShares Core S&P Mid-Cap, Vanguard Short-Term Bond, Vanguard ...",0.7824053764343262,-0.00011938239258235672
2013-06-06,MTG,100% Gainers YTD: Hedge Fund Stars Bought,0.5918899774551392,0.028571229092533956
2012-05-10,MLM,"Analysts' Actions: DLB, GGP, MLM, ORCL",0.7543119192123413,-0.0035070114809944153
2016-08-30,RGR,Smith & Wesson Near Buy Range As Earnings Loom,-0.25722306966781616,-0.017473562473481863
2015-12-16,REM,Mortgage REITs rally as Fed hikes,-0.38367870450019836,0.007208980707140489
2020-04-13,OTEX,"Addenda Capital Inc. Buys Brookfield Asset Management Inc, Barrick Gold Corp, Franco-Nevada ...",0.8193599581718445,0.04167833625103734
2015-08-18,TSM,Apple And TSMC: Strengthening Partnership For iPhone And Beyond,-0.8998689651489258,-0.005991069988026121
2013-10-28,IBN,ICICI Bank's Earnings Rise on Better Revs - Analyst Blog,-0.9182423949241638,0.060971973762671494
2018-08-30,DLTR,Dollar Tree reports Q2 results and narrows FY19 guidance; shares down 11%,0.014575120061635971,0.00915020516549614
2018-10-26,CUZ,Cousins Properties Inc. (CUZ) CEO Larry Gellerstedt on Q3 2018 Results - Earnings Call Transcript,0.8033544421195984,0.010791205462083564
2018-02-26,PSA,Apple? Home Depot? MasterCard? Orbital ATK? What Should I Buy?,0.8998317718505859,-0.015111226948147816
2016-02-25,HAL,More Layoffs At Halliburton; Oil Up On March Meeting Hopes,-0.22934609651565552,0.009538531313458165
2015-03-16,HMN,Horace Mann Has Been Increasing Dividends Over the Last Seven Years,-0.5679752826690674,0.010876227217137657
2019-08-08,HAFC,"Sun Life Financial INC Buys iShares –-' Year Credit Bond ETF, Vanguard Mid-Cap ETF, ...",0.6702913641929626,-0.007496414272376795
2016-04-18,HAS,Hasbro's (HAS) CEO Brian Goldner on Q1 2016 Results - Earnings Call Transcript,0.8865406513214111,-0.001835195944420276
2018-07-18,LUV,Airline stocks ride on United's back,0.004871770739555359,-0.0022262950326993325
2018-10-30,EA,Electronic Arts (EA) Q2 2019 Results - Earnings Call Transcript,0.597427487373352,-0.04059921636277941
2018-05-16,NKTR,Rounds Report: Omeros Rallied Robustly While Stellar FDA Due Diligence To Help Orphan Disease Innovators,-0.9231343865394592,-0.07657346451291769
2019-08-16,DOW,JPMorgan sees tariffs hurting S&P 500 earnings in 2020,0.008037629537284374,0.024488866041868285
2020-03-02,ALGN,"Block & Leviton Announces Class Action Filed Against Align Technology, Inc. ...",0.08399275690317154,-0.024585195170263918
2018-08-14,EEP,5 Reasons This 5.7% Yielding Blue Chip Is One Of The Best Dividend Growth Stocks In The World,-0.8192427158355713,-0.006205719979756497
2019-05-02,UCTT,"Ultra Clean Holdings, Inc. (UCTT) CEO Jim Scholhamer on Q1 2019 Results - Earnings Call Transcript",0.8523228168487549,0.15274463984947584
2015-12-22,TRUE,"Ford, Google May Speed Self-Driving Era To Roads",0.6648902893066406,0.05145414538456272
2017-02-02,MYI,BlackRock declares monthly distribution on Funds,0.8615977168083191,-0.0021620399475132945
2016-12-29,AEO,American Eagle Outfitters Is a Stock to Consider,0.8888459205627441,-0.006548704829031582
2018-01-25,SLX,"More price hikes coming for American steel, analyst says",-0.8276261687278748,0.010680334100713118
2013-01-25,AMX,AMT to Buy Towers from Axtel - Analyst Blog,0.7466394901275635,-0.00680780070928988
2016-06-07,PRGO,Sequoia Fund Cuts Almost Half of Stake in Valeant,0.12548963725566864,0.012208597188140491
2019-04-02,MCK,Trump: Obamacare replacement will come after election,0.8600255250930786,0.0025262702857877795
2013-02-26,CHD,"Ecolab Beats in 4Q, Profit Soars - Analyst Blog",-0.5299551486968994,0.0066646432361918695
2013-04-03,HYS,Is It Time to Hedge Your High-Yield Portfolio?,0.8569532632827759,0.0010510937490679773
2019-07-09,FLS,"The Zacks Analyst Blog Highlights: OSI, Flowserve, Sanmina, Roper and ExOne",0.91185462474823,-0.01438744203480502
2020-02-13,PAYC,"Paycom Software Inc (PAYC) Files –…-K for the Fiscal Year Ended on December '–, —…–9",0.885588526725769,0.03673036455235357
2015-07-21,ILMN,Ilumina Q2 revenues up 21%; EPS up 123%; CF OPS off 4%; EPS guidance raised,-0.9237253665924072,-0.08440683687672379
2018-04-27,KLAC,KLA-Tencor (KLAC) Beats Earnings and Revenue Estimates in Q3,-0.8993917107582092,-0.004306035713778855
2017-02-28,VNQ,"Garde Capital, Inc. Buys Vanguard FTSE Emerging Markets, Vanguard Intermediate-Termorate Bond ...",0.761953592300415,-0.0030497828087864276
2019-11-12,AAP,Advance Auto Parts (AAP) Surpasses Q3 Earnings and Revenue Estimates,-0.9317646026611328,0.01562728346260256
2016-06-13,ARR,Dividends & Income Digest: mREIT Merger Mania??,0.8927965760231018,-0.009277551356993152
2019-10-01,KEYS,5 Stocks to Ride the 5G Boom in America,0.2442511022090912,-0.011676346315341202
2016-12-07,MMC,The Vetr community has downgraded $MMC to 3-Stars,0.03618479147553444,-0.0014404837528528835
2020-05-01,DHF,BNY Mellon High Yield Strategies Fund Portfolio Holdings Now Available,0.9196555018424988,0.02127699756493362
2014-05-05,WLK,"Apple Tops 600, Among Bolting RS Line Stocks",0.6040025949478149,0.020210182830500356
2019-10-23,IYJ,Slowdown In U.S. Manufacturing Is Stabilizing,-0.00849243812263012,0.006111893723243389
2012-03-05,BKE,3 Stocks You Shouldn't Short,0.8612815737724304,-0.00781771825921096
2018-08-28,CVM,Midday Gainers / Losers (08/28/2018),0.7977315187454224,0.128318533283851
2019-05-15,SGOL,Gold Rally Strictly A Fear-Driven Affair,0.6714975833892822,-0.007122829055231983
2017-03-08,MAS,The Time To Hedge Is Now! New Candidate List For March 2017,0.9018097519874573,-0.0032521815710098156
2020-01-03,VIOG,Top-Ranked ETFs & Stocks to Profit From the January Effect,-0.9197218418121338,-0.002826331906106705
2019-06-10,CNQ,"Canadian Natural Resources restarts Pelican Lake, Woodenhouse after fires",0.8045487403869629,0.013407708028952303
2015-08-05,KKR,KKR May Be Holding Explosive Upside In First Data IPO,-0.4551369845867157,-0.023109245356786046
2020-03-25,PRI,Buy Stocks With Upgraded Broker Ratings Amid Coronavirus Woes,0.5868567228317261,0.08942502954552323
2018-06-12,PDS,Precision Drilling announces note redemption and operational update,0.8590131402015686,0.04204208882746174
2016-07-13,FXP,Brexit Volatility Highlights China Appeal,0.37332749366760254,-0.030773480417797483
2019-01-29,CSL,"Danaher (DHR) Q4 Earnings & Revenues Beat Estimates, Up Y/Y",-0.9293166399002075,-0.0008350593843087228
2014-01-13,WDAY,WORKDAY,0.7010935544967651,0.03880295594771144
2018-07-13,DIOD,Rebound Lifts NASDAQ to New All-Time High,-0.7901033163070679,0.0016584127359011713
2020-02-04,ALL,"Penobscot Investment Management Company, Inc. ...",0.8769969344139099,0.03934967855578253
2016-06-28,ARCC,Post-Brexit Retirement Collapse: Buy These Utilities To Preserve Capital And Income,0.2582699656486511,0.01700928201537777
2018-03-20,AGQ,A Glimpse Of Precious Metal Mining's Future: Hecla Buys Klondex For 59% Premium,0.7217873334884644,0.05104710383522515
2019-11-07,PZZA,MKM rings the register on Papa John's,0.8152012825012207,-0.01310320038251045
2015-06-10,ZOES,Wingstop Enters Jungle Of Fast-Casual Restaurant IPOs,0.8386487364768982,0.009776871286431899
2018-12-31,NYT,Wall Street Breakfast: 2018 Comes To A Close,0.6681063771247864,-0.01973989103740703
2017-10-27,ZION,"SVB Financial (SIVB) Beats on Q3 Earnings, Revenues Grow",-0.3453308045864105,-0.0065802333560962545
2016-05-20,SIMO,How High Will Tesla/Apple Supplier Nvidia Go? Up 34% In 2 Months,-0.9056887030601501,-0.005452078639187841
2020-04-22,VTI,"Hanlon Investment Management, Inc. Buys ishares Gold Trust, Microsoft Corp, SPDR S&P ...",0.8106682300567627,0.00014344632712637306
2019-03-12,SNCR,"Synchronoss Technologies, Inc. (SNCR) CEO Glenn Lurie on Q4 2018 Results - Earnings Call Transcript",0.8540585041046143,-0.18810684855405702
2015-04-24,BLK,Mary Pat Christie Has Quit Her Wall Street Job,0.15186770260334015,-0.0029222381650316764
2018-07-24,MAR,Marriott International inks deal with Flag Luxury Group,-0.23453852534294128,0.011382926782706138
2016-01-06,MNKD,"MannKind still falling, shares down 13% premarket",0.012910295277833939,-0.05479453218030195
2012-03-30,HBAN,Michigan Bank Fails; 2012 Tally at 16,0.035845715552568436,0.017054032017669307
2018-04-12,TMHC,Blame The Fed For Wednesday's Decline - Cramer's Mad Money (4/11/18),0.1801048219203949,-0.0017264098142265594
2019-03-15,EAT,"Forget BJ's Restaurants, Buy These 3 Restaurant Stocks Instead",0.8958895206451416,0.009373605846829003
2012-04-16,DUK,"Citigroup, Seagate Technology Among Stocks Up on High Volume Monday",-0.7271532416343689,0.009209397665037145
2018-04-25,GFI,Energy/Materials - Top 5 Gainers / Losers as of 2:00 PM (04/25/2018),0.7536606788635254,0.0
2017-12-07,MCK,Valuation Dashboard: Healthcare - Update,0.8945321440696716,0.0170655658417882
2013-01-09,COF,10 Big Banks Stocks to Watch In the 'Kitchen Sink' Quarter (Update 3),0.8497251868247986,0.008987490827911726
2018-08-03,WSM,"Tweedy Browne CO LLC Buys AutoZone Inc, Merck Inc, Sells Halliburton Co, Devon Energy Corp, ...",0.827052116394043,0.0008640507191099989
2014-10-13,IMOS,ChipMOS TECHNOLOGIES (IMOS) in Focus: Stock Tumbles 8.6% - Tale of the Tape,0.010923410765826702,-0.007552729096430899
2015-07-24,FTK,Flotek Industries (FTK) in Focus: Stock Soars 37.9% Higher - Tale of the Tape,-0.9027743935585022,-0.007779760250124834
2015-06-17,WEC,Top 10 Utilities For Dividend Growth And Income,0.8698731660842896,0.014023442352151694
2019-08-26,XLP,Market Volatility Bulletin: Whippy Bond Yields Do Not Make For Peaceful Markets,0.14679311215877533,-0.00281682498891922
2015-01-27,CNX,Analysts see Peabody dividend cut as prudent move,-0.5554065704345703,-0.029009156934455715
2018-02-13,IMAX,Citic Securities positive on IMAX China,0.3082864582538605,0.035629454973069796
2017-07-14,ARMK,"Ami Asset Management Corp Buys Henry Schein Inc, West Pharmaceutical Services Inc, Merit ...",0.8160154819488525,0.007922408408678194
2018-08-21,HELE,"Smucker (SJM) Misses on Q1 Earnings & Sales, Trims '19 View",0.024914931505918503,-0.0012743746845663706
2019-05-08,CDNA,CareDx (CDNA) Q1 Earnings and Revenues Top Estimates,0.8059695959091187,0.12864500708140003
2017-02-03,LYB,LyondellBasell rises as revenues jump 10% despite Houston refinery problems,-0.9127426147460938,0.002640045448470074
2018-01-25,NEM,Barrick To Benefit From Weak Dollar/Strong Gold,-0.8078016042709351,0.006867807011615268
2017-02-23,YANG,Gordon Chang: 'China Is Going To Go Into Free Fall',0.0815228670835495,0.033023088217922325
2015-12-18,XSD,SPDR S&P Semiconductor ETF announces $0.0754 distribution,0.7381141185760498,0.017919673954655435
2018-04-26,LQD,"Florin Court Capital LLP Buys PowerShares Exchange-Traded Fund Trust, SPDR Select Sector Fund - ...",0.06886574625968933,0.0022598198142897985
2018-04-24,D,"NextEra Energy (NEE) Q1 Earnings Beat, Retains 2018 View",-0.7590042948722839,0.00030886530680618307
2016-02-29,APO,Merger Surprise Makes Apollo Commercial Real Estate Finance Worth A Look,-0.21228450536727905,0.012861642853253308
2016-01-12,FXP,Market Forces Could Push China To The Brink,0.027454227209091187,0.03688226690941021
2019-11-18,LOW,The U.S. Week Ahead (Nov 18-22): Stocks Reach New Record Highs While Retailers' Earnings Spied,-0.6294287443161011,-0.01408447981724159
2015-10-14,BEN,Ten Companies Benjamin Graham Would Invest in Today - October 2015,0.8881977796554565,0.009073769038582258
2013-09-19,CAG,ConAgra Misses Q1 FY14 Earnings - Analyst Blog,0.3697313368320465,0.006493235059886304
2018-05-08,RDHL,Redhill EPS of -$0.05,0.3613036274909973,0.052823315118396996
2017-08-04,BDX,"Kdi Capital Partners Llc Buys Hanesbrands Inc, iShares –-' Year Credit Bond ETF, BB&T ...",0.6920877695083618,0.004009247301932195
2019-05-22,CVCO,Cavco Q4 2019 Earnings Preview,0.8472123742103577,0.023308316567786758
2016-03-17,BBT,Price target cut for BB&T after guidance,0.6798025369644165,0.00958349044252671
2018-03-27,NLST,Netlist's (NLST) CEO Chuck Hong on Q4 2017 Results - Earnings Call Transcript,0.8648663759231567,-0.14285716566504258
2020-02-04,MPC,"Phillips 66 (PSX) Out Of Gas, Watch This Trade Level",0.8966741561889648,0.040269523662747275
2013-03-26,RRC,Exxon to Spend More in West Qurna -,-0.5273847579956055,-0.00460859713243722
2014-05-21,GRC,Caterpillar April Sales Drop 13% - Analyst Blog,0.019598664715886116,0.00828637965317558
2018-08-15,AMP,Ameriprise to pay $4.5M to settle SEC charges,0.7949634790420532,0.010563906979520032
2014-01-23,VLP,"Valero Raises Dividend, Gives Q4 Update - Analyst Blog",0.7824426889419556,0.0011389916492281493
2019-10-23,HLT,Hilton Worldwide Holdings Inc. (HLT) CEO Christopher Nassetta on Q3 2019 Results - Earnings Call Transcript,0.8168421387672424,0.01190394030141051
2015-03-10,TRV,Top 10 Net Payout Yield Stocks For March 2015,0.8921855092048645,0.00897532139756696
2019-12-02,SLV,"Money And Prices Are A Dynamic System, Report 1 December",0.9041528105735779,0.015822724259983545
2018-02-15,THS,TreeHouse Foods' (THS) CEO Sam Reed on Q4 2017 Results - Earnings Call Transcript,0.8685023188591003,0.02134469708728326
2020-01-03,PPLT,"Precious Metals Report For Friday, Jan. 3",0.727223813533783,-0.018189695691572916
2019-08-06,ACLS,"Axcelis Technologies EPS beats by $0.05, misses on revenue",-0.6156953573226929,-0.008655133853456176
2019-04-11,FGEN,NASH players in the red as EASL announcements fail to excite investors,0.0578659363090992,-0.0891333206903091
2019-06-07,ETN,Eaton Corporation (ETN) Presents At Deutsche Bank 10th Annual Global Industrials & Materials Summit - Slideshow,0.871242105960846,0.003034691769528308
2016-12-19,EPV,ECB Festive Guidance,0.6582763195037842,-0.0011381240825488748
2018-09-14,LAD,Lithia Motors (LAD) Partners With Shift - Slideshow,0.6025397777557373,-0.030701591816376994
2010-11-16,BYD,Casino Stock Losers: Las Vegs Sands,0.8126209378242493,0.003480531114628871
2018-12-07,TSRO,"The Klein Law Firm Reminds Investors of Class Actions on Behalf of Shareholders of AQUA, SONS, ...",0.36830437183380127,0.0018931628860840988
2019-07-31,OXY,"Occidental Petroleum EPS beats by $0.03, beats on revenue",-0.6593308448791504,0.035241096912636216
2018-01-29,MDLZ,"Reilly Financial Advisors, Llc Buys International Business Machines Corp, Microsemi Corp, ...",0.8555745482444763,-0.004490293050595118
2015-02-23,GREK,And The Oscar Goes To?,0.8805375099182129,0.02340883343720157
2015-07-17,SAGG,Balancing Your Bond Portfolio's Risk And Reward,0.7789676785469055,0.0015037364529488784
2018-11-14,UGAZ,Natural Gas Weekly: Only A Short Time Ahead Of The Pullback,0.7904719710350037,-0.5642038719873568
2017-10-26,NI,Will Debt Management Reflect in NiSource's (NI) Q3 Earnings?,0.9063946008682251,-0.001133374662440234
2020-06-02,XLI,Hard to Find A Stock Below Its 50-Day,0.7404714822769165,0.039010280627202354
2016-10-31,AWI,"Armstrong World EPS in-line, misses on revenue",0.8110327124595642,-0.009333552020119207
2015-07-02,MAR,Hilton Grows Globally with Canopy Reykjavik City Centre - Analyst Blog,-0.05603915452957153,-0.006550935247441658
2019-05-07,CVE,Western Canadian oil inventories hit record high; curtailments fail to cut glut,-0.8549733757972717,0.005624555342603754
2020-03-12,LZB,Dow Enters Bear Market as Stocks Give Back Gains,0.056950196623802185,0.14666708658168592
2012-01-10,CHIQ,Dion's Tuesday ETF Winners and Losers,0.675034761428833,0.009141948071689221
2019-03-25,SMH,Will Sister Semiconductor's Other Shoe Drop?,0.36863428354263306,0.009297918298428964
2018-08-01,WPC,Top Ranked Income Stocks to Buy for August 1st,0.8352861404418945,-0.0016743015157992813
2016-10-14,XLP,"S&P 500 Sectors: Quant Stats, Optimal Weights, And Opportunities",0.8869296908378601,-0.004773592827081119
2018-01-24,GSIT,Notable earnings after Thursday's close,-0.8546802401542664,-0.004602987777274747
2018-07-11,YANG,Decelerating Trade Growth Between China And The U.S.,-0.6337913274765015,-0.05385687917251236
2019-06-19,TWO,Two Harbors Investment declares $0.40 dividend,0.9172441363334656,0.0007910793175780473
2019-10-04,VTI,The Russell And Transportation Tell A Completely Different Story,0.859381914138794,-0.003940548234620089
2019-03-08,FIZZ,Healthcare and Tech stocks among major premarket losers,0.18999525904655457,0.018706047808819903
2017-11-27,BJZ,The Weak Dollar And Foreign Closed-End Funds: CEF Weekly Update,0.2701689302921295,0.0006676366879885265
2018-12-13,CIVI,"Civitas Solutions beats by $0.17, beats on revenue",-0.7660592794418335,-0.07037196715425043
2018-01-08,SCHD,How To Retire In 2018,0.8987075686454773,0.00019178608424130772
2019-08-15,TREE,"It's 'He Said Xi Said', Market Shakes It Off. Ignore; Stick To The Discipline",0.8540363907814026,0.005336167893769561
2015-01-26,ALK,Making Money With Charles Payne: 01/26/15,0.8844931125640869,-0.010505239736871785
2012-09-20,NSC,Morning Briefing: 10 Things You Should Know,0.8869094848632812,-0.016790354382828165
2018-02-21,IEO,Barents Sea: Greater Success In 2018?,-0.7737486362457275,0.012534796734289033
2018-10-16,REXR,Stocks Showing Improved Relative Strength: Rexford Industrial Realty,-0.855668842792511,-0.004135019449025279
2019-02-04,ESLT,Elbit to provide avionics refresh for National Guard,0.5268677473068237,0.007980295533934312
2015-07-02,PBR,"Petrobras corruption losses may be larger than estimated, prosecutor says",0.016176776960492134,-0.07134777809869142
2019-08-19,CPA,Copa Scores Relative Strength Rating Upgrade,-0.7070979475975037,-0.006344824498835666
2019-06-12,AGQ,The Italian Job - Precious Metals Supply And Demand,0.8773265480995178,0.01738372944595623
2016-09-01,IYG,Flat yield curve could end bank rally,-0.024207882583141327,0.005569847306477804
2019-07-30,EMR,The Retiree's Dividend Portfolio - John's June Update: Why We Dropped Boeing,0.683523416519165,-0.03581515960738113
2019-02-11,RRC,Range Resources +4% after 'impressive' reserve update,-0.9123100638389587,0.005796878448879106
2017-12-08,DLNG,The Most Exciting Shipping Firm In 2018,0.4590058922767639,-0.033078921203874345
2019-11-01,BMRN,ClearBridge Mid-Cap Strategy Portfolio Manager Commentary Q3 2019,0.9098299741744995,-0.0013581213887177146
2014-12-18,PANW,Stocks Push Higher; Tableau Breaks Out,-0.09661221504211426,0.0074530295321346696
2015-05-08,PUK,"Eurozone Stocks Soar On Britain Election, U.S. Payrolls",0.008487887680530548,0.0031261716011106166
2015-11-25,EWH,"Switzerland Gold Exports To China In October 29t, +34% M/m",-0.0734967589378357,-0.02056825649156291
2019-09-11,EFOI,"Acuity Brands (AYI) to Acquire TLG, Boost Product Offering",-0.6096504926681519,0.22727273290244598
2019-01-15,GDOT,"Mercer +6.6% on index moves; GDOT, TFX changing indexes",0.4812454581260681,-0.04970510814109408
2020-05-05,CSCO,"Cullen Capital Management, LLC Buys BCE Inc, NextEra Energy Inc, Johnson & Johnson, Sells ...",0.8242091536521912,-0.007476881727699669
2016-04-22,ITIP,Break-Evens And Yields Rise Squeezing Risk After The ECB,-0.05837864428758621,-0.00047654174843836383
2018-09-28,RVT,"Royce Value Trust (NYSE: RVT) as of Aug '–, —…–8",0.9047253727912903,-0.005504478764403964
2019-07-25,IVZ,Invesco Ltd. (IVZ) CEO Martin Flanagan on Q2 2019 Results - Earnings Call Transcript,0.7730407118797302,0.004096414657353664
2019-10-31,RIO,Rio Tinto sees up to $500M higher costs for iron ore business,-0.8215838074684143,0.03787753554826545
2016-05-26,SLB,"Whether We Want It Or Not, We All Need A Break",0.820335865020752,-0.0027133677420805302
2017-02-01,AVY,"Avery Dennison beats by $0.06, beats on revenue",0.45566847920417786,0.004519794352282336
2019-11-18,HUM,Healthcare Stocks in Focus on Price Transparency Rule,0.790350079536438,0.004752906635213661
2019-03-06,DZZ,Dollar Countertrend Rally Weighs On Gold,0.08028067648410797,0.00516354735005331
2017-09-07,DOV,IBD Rating Upgrades: Dover Shows Improved Technical Strength,-0.9355965256690979,0.011587696036625461
2018-06-05,HD,Is Reverse Cap Weighting The 'MoreyBall' Of Financial Products?,0.8123220801353455,0.008596402962176564
2019-01-22,MTG,Travelers' (TRV) Q4 Earnings & Revenues Surpass Estimates,-0.828814685344696,0.00429566575253193
2015-03-27,JBSS,John B. Sanfilippo: Severely Mispriced With Significant Near-Term Upside,0.007104441523551941,0.017781868094843167
2014-05-21,PBI,Nevada Scraps Xerox as Health Contractor - Analyst Blog,0.6017659306526184,0.0003760307451443623
2015-10-09,GPK,Paper and packaging stocks shoot higher,-0.07271590828895569,0.0022140390342695326
2013-11-25,SID,AK Steel Raises Stainless Steel Prices - Analyst Blog,0.49543312191963196,-0.03148140563631441
2018-05-01,RSG,Notable earnings after Wednesday's close,-0.85306316614151,-0.005254460907531455
2016-10-26,LH,LabCorp Q3 revenues up 5%; net income up 16%; cash flow ops down 13%,-0.3220122754573822,-0.019848193663677405
2016-09-23,MTB,U.S. Bank Credit: Out Of The Firing Line?,0.43407902121543884,-0.025273011688812463
2019-11-08,WGO,Winnebago Industries Completes Acquisition of Newmar,0.8055671453475952,-0.01249262237366644
2017-10-02,HAL,US Drillers Deploy More Oil Rigs as Crude Gains,0.03449872136116028,-0.013178170184087512
2018-04-16,SHPG,Biotech Forum: The Week Ahead,0.9002550840377808,0.017584088205553794
2019-08-01,FLS,Flowserve Corporation (FLS) CEO Scott Rowe on Q2 2019 Results - Earnings Call Transcript,0.8156720995903015,-0.00440403367604103
2018-08-03,RLI,"Alleghany (Y) Q2 Earnings & Revenues Beat Estimates, Up Y/Y",-0.9264308214187622,0.006299291834450882
2014-03-10,PTEN,Updated Research Report on Newfield Exploration - Analyst Blog,0.8942962288856506,-0.019741179405852294
2018-06-06,PTEN,Select Energy: A Misunderstood And Deeply Undervalued Energy Franchise With A Wide Moat,-0.07637876272201538,0.03556477218865761
2019-09-16,FEZ,The European Central Bank Had To Do Something - But This Monetary Policy Might Not Be It,0.8013959527015686,0.006636703396809107
2019-02-22,RBA,Copart (CPRT) Looks Good: Stock Adds 5.7% in Session,-0.9179176092147827,-0.0062127136442818864
2019-02-13,BDC,Belden (BDC) Reports Next Week: Wall Street Expects Earnings Growth,-0.7816957831382751,0.00197036186241184
2016-06-28,YINN,There's a new China stock exchange king,0.8795965313911438,0.05019011306862997
2019-10-16,KBA,"China's Trade, Inflation And Money Supply - That Trade War Is Having Its Effect",0.19768549501895905,0.004190801379746256
2019-11-18,KSS,Notable earnings before Tuesday's open,-0.782658040523529,-0.194863380530911
2015-07-07,KFY,3 Picks for a Strengthening Labor Market - Analyst Blog,-0.3089146614074707,-0.007871936902146048
2019-07-12,CCIH,"Pyxus International, Inc. f/k/a Alliance One International, Inc. (PYX), Ra Medical Systems, Inc. ...",0.9032893180847168,0.0
2015-04-01,SYNT,Syntel Is A Solid Pick At A Fair Price,0.04530647397041321,0.006473162691601919
2016-12-15,DAC,"Danaos misses by $0.26, misses on revenue",0.05211091786623001,-0.04918053250576959
2019-08-14,AZO,Bulletproof Investing Performance Update: Week 89,0.6900379061698914,0.02251621635040335
2016-02-12,PEG,Income Investors: Are You Prepared To Ride Out The Remainder Of This Storm?,0.8113566637039185,0.0042966873341789835
2016-06-10,PPG,Dividends Since –899 (and More Growth Ahead),0.8590583801269531,-0.014189050990402241
2015-01-30,NNN,The DGI 'Factual 48' Versus 'The Favored 44',0.4865190386772156,-0.008403552777608292
2020-01-23,XOP,"Avondale Wealth Management Buys PowerShares QQQ Trust Ser –, iShares Core MSCI Emerging ...",0.7977049946784973,-0.017307733668139424
2019-04-02,JNK,Bond Downgrades Surpass Upgrades By The Most Since 2016,-0.053820788860321045,0.0002790172998086149
2017-10-20,IT,Gartner Earns Relative Strength Rating Upgrade,-0.6885784864425659,-0.00399106006443084
2019-08-29,USDU,"Interest Rates, Inflation And Markets",0.8911309838294983,0.0035638919890337295
2013-02-28,TLK,3 Stocks Pushing The Telecommunications Industry Higher,-0.2547895610332489,0.0026991409827423762
2020-04-16,FCN,Beat Coronavirus Blues With These 5 Low-Beta Stocks,0.5174076557159424,0.003319540840561741
2020-03-26,ALG,Alamo Group Inc. Highlights Operational Status,0.8328960537910461,0.002206984718208016
2012-02-28,TEX,"Titan More Than Just Going Along For The Ride (TWI, DE, CNH, CAT, TEX)",0.8902241587638855,-0.021202969362511648
2016-10-25,IDXX,Disney Is A Long-Term Buy - Cramer's Lightning Round (10/24/16),0.8950198888778687,-0.03883587184734938
2013-06-12,QIWI,"Russian Payment Company Qiwi's Earnings, Stock Surges",-0.7771943807601929,-0.008598906428905373
2019-04-09,REGN,Alnylam Finds A New Partner For Its Next Phase,0.28057199716567993,0.0315872862998825
2013-03-26,NGVC,Sysco Hits 52-Week High - Analyst Blog,-0.626676619052887,-0.02122110309699554
2018-10-25,VNO,Vornado Realty Trust declares $0.63 dividend,0.8945142030715942,-0.015425059392530804
2019-03-28,IRBT,Top-Ranked Stocks to Fill in the Sweet 16 Bracket,0.14575064182281494,0.01064839438093923
2018-10-10,TAP,New battleground beverage-cannabis stock in the mix,0.4907858967781067,-0.028053874852537186
2019-07-19,ESS,Energy (Electricity) Storage Market to —…—8: Market Anticipated to Reach '7. ...,-0.7818809747695923,-0.009664293409366476
2018-08-07,AMRC,"Ameresco, Inc.'s (AMRC) CEO George Sakellaris on Q2 2018 Results - Earnings Call Transcript",0.8675428628921509,-0.003460220857774976
2018-03-19,CMCM,Premarket Gainers as of 9:05 am (03/19/2018),0.8746232390403748,-0.03260030940913994
2019-07-17,TXT,Textron Inc. 2019 Q2 - Results - Earnings Call Slides,0.8186538815498352,-0.0006137996710241511
2018-08-02,KEY,Stock Upgrades: Keycorp Shows Rising Relative Strength,-0.9261435866355896,0.0014065716410940343
2012-05-17,BKE,"Buckle gains in stores, online",0.5447230339050293,-0.029864747510054412
2018-10-18,CFR,Will Fee Income Growth Aid Citizens (CFG) in Q3 Earnings?,0.8266849517822266,-0.017929631075022545
2019-03-14,SLRC,Gladstone Investment's Dividend Sustainability Analysis (Includes April-December 2019 And Fiscal 2020 Special Periodic Dividend Projections),0.8987115025520325,0.0064784701169864345
2016-09-02,RRC,Range Resources declares $0.02 dividend,0.8455117344856262,0.02742766893106552
2015-10-08,ASPS,Altisource Portfolio's Residential Investor One makes inroads,0.6936269998550415,-0.006060616180198597
2014-12-08,SCVL,"Genesco Plunges on Dismal Q3 Earnings, FY15 Outlook Cut - Analyst Blog",0.019818656146526337,0.026271301539634084
2019-08-19,WLK,Three Dividend Stocks Raising the Bar,-0.15165838599205017,-0.0159033907931998
2019-01-10,CCJ,Here's Why You Should Hold Onto Celanese (CE) Stock Now,0.8713531494140625,-0.013029349152691827
2018-05-07,EWJ,PMI Rises To 6-Month High As Japan's Economic Upturn Regains Momentum,-0.8777589201927185,0.003125081953073261
2019-11-06,GEF,"Greif, Inc. Announces —…–9 Fourth Quarter Earnings Release and Conference Call Dates",0.8876333236694336,0.0031224628632859908
2019-04-30,DHR,21 Alpha-Producing Water Stocks: Danaher Floats To The Top,-0.3320915699005127,-0.006644509155484757
2018-12-28,WEX,FISV or WEX: Which Financial Services Firm is Better Placed?,0.8692768216133118,0.01625301201084306
2012-12-05,DBA,3 ETFs for Insatiable Global Food Demand - ETF News And Commentary,0.6748244762420654,0.0010402809781919764
2017-01-09,AGG,The Cash Freeze,0.8449901342391968,-0.00027639107882959646
2019-05-15,BTG,Iamgold Revisited,0.8859738707542419,0.011363698027408775
2018-05-29,SB,"Safe Bulkers beats by $0.01, beats on revenue",-0.7480273842811584,0.022580652065860463
2018-03-06,DVP,Best And Worst Q1 2018: All Cap Value ETFs And Mutual Funds,0.896565318107605,-0.002883308758597214
2017-02-01,LNC,–… Stocks Trading Below Their Graham Number,0.08134260773658752,-0.005658778421559707
2015-04-23,UUUU,Wall Street Breakfast: Where's The Value These Days?,0.8286862969398499,-0.022140199975999808
2012-01-05,SON,Still Neutral on Sealed Air - Analyst Blog,0.8216729164123535,0.008575883236008108
2016-12-06,AZO,AutoZone: When To Buy This Growth Machine,0.8749203085899353,0.03854784838961378
2018-05-10,CNQ,IBD Rating Upgrades: Canadian Natural Resources Shows Improved Relative Price Strength,-0.9358119368553162,-0.00662447231465102
2019-08-07,EDEN,"In Investing, Just As Most Things In Life, Everything Is Relative",0.8972813487052917,0.008939037735465893
2016-10-25,GREK,Eurozone approves bailout funds for Greece,0.3868900537490845,0.011019239741753895
2015-01-22,CAG,"2014 Portfolio Review: Year One Of My DGI Journey, Part I",0.8336210250854492,-0.011030542894194806
2016-10-17,HAS,"Analyzing Teva's Options, What's Stumping The EU-Canada Trade Deal, Frozen Is Red-Hot At Hasbro (Video)",0.8752063512802124,-0.004521728196811625
2013-01-22,COF,Trading Idea: Entry Levels for Capital One,0.8285742998123169,0.0014249679168516494
2016-12-15,AXP,The Vetr community has downgraded $AXP to 2.5-Stars,0.02663879096508026,0.0008008010321436387
2014-07-21,SIMO,Will Apple (AAPL) Surprise Q3 Earnings Estimates? - Analyst Blog,0.8768221139907837,0.008928335296932932
2018-07-24,CFG,CFG vs. FFIC: Which Stock Is the Better Value Option?,0.8767529726028442,-0.002997338525897675
2019-05-07,SLB,"River Wealth Advisors LLC Buys Vanguard Extended Market, Boeing Co, D.R. ...",0.865346372127533,-0.008128086920258681
2012-07-20,TRV,"Travelers, Bank of America, HP: Dow Midday Movers",0.9049293398857117,-0.015468027480322388
2019-11-07,MBB,"Hanlon Investment Management, Inc. Buys Vanguard Intermediate-Term Corporate Bond ETF, SPDR ...",0.7912885546684265,0.0008358457657535734
2015-10-14,RYAAY,"Delta (DAL) Tops Q3 Earnings, Currency Woes Hurt Revenues",-0.4802021086215973,0.010143772198706325
2019-05-02,ACCO,"ACCO Brands beats by $0.02, beats on revenue",-0.5491521954536438,0.043848698651322904
2019-08-28,JPNL,Japan downgrades South Korea's trade status,0.0348566472530365,0.018470721011353497
2016-11-18,CYS,CYS Investments: What You Need To Care About,0.8826783895492554,0.003754818477795352
2018-05-31,CCS,Housing Industry Stock Outlook - June 2018,0.8798904418945312,-0.009966743265269473
2011-03-03,PVH,10 Consumer Stocks With Upside,0.8108778595924377,-0.00032603888393800684
2018-05-01,WMB,Notable earnings after Wednesday's close,-0.85306316614151,0.007319068044376209
2018-07-24,USD,Trade Wars: A Worldwide Web Of Worry,0.868036687374115,0.01267214256494098
2017-01-03,PSLV,"10 Predictions For 2017: Gold, Stocks, Trump, Putin, China And War",0.8937728404998779,0.008025712773962246
2019-04-24,ETR,Entergy (ETR) Expected to Beat Earnings Estimates: What to Know Ahead of Q1 Release,0.1565721035003662,0.006022926156401764
2011-10-28,EWD,Relative Performance of European Countries,0.5410282611846924,-0.06214699662249201
2018-07-11,JCI,"Top Stock Reports for Apple, NVIDIA & Lockheed Martin",0.8962218165397644,0.016978832714632297
2019-04-16,NKTR,Healthcare And Biotechnology Dashboard - Update,0.9140820503234863,-0.06560815918241414
2018-06-20,YCS,Fragile Stability,0.6727278232574463,-0.008226022531293675
2016-11-09,D,Updates On Preferred Issues With Good Yields At Current Prices,0.7728766798973083,-0.02854428895999439
2019-09-04,GIII,Notable earnings before Thursday's open,-0.8186904191970825,0.2653927595375203
2015-10-12,TPL,Tethys Petroleum Limited Press Release: Tajikistan Update,0.9139223098754883,0.006254282108941744
2019-06-13,BFZ,Weekly Review: Municipal Bond CEFs - PCQ Announced Unchanged Dividend,0.258659690618515,0.0038104559950888905
2019-05-21,OCUL,Arrowhead Pharmaceuticals and Array BioPharma among healthcare gainers; Mallinckrodt and Ocular Therapeutix among losers,0.3620176315307617,0.015325747846490989
2018-02-06,PMR,Retail rally gains steam,-0.4166887402534485,0.0
2018-10-02,EIDO,Indonesian rupiah sinks to lowest point against the dollar in 20 years,0.011175194755196571,-0.019634297573549064
2018-04-23,TAP,Consumer Staples: It's Time To Buy,0.7924535870552063,-0.003197918628651597
2015-02-10,BAX,Here Is Why We Believe CTI BioPharma's PERSIST-1 Trial Will Be Successful,0.12903755903244019,-0.007689146516200451
2019-11-12,URR,"Farage Declares Truce With Tories After Being Offered A Peerage, Underpins Sterling",0.09841328114271164,0.15909090909090917
2018-10-26,RTH,"Amazon Beats on Q3 Earnings, Guides Weak: ETFs to Watch",0.48503440618515015,-0.003152096798665349
2016-09-16,BFK,Political Risk In The Municipal Bond Market,0.6646124720573425,0.00783761096219271
2018-01-16,GME,"GameStop: With Each Passing Quarter, The Short Thesis Materializes",0.33400267362594604,0.01981353560453991
2018-09-25,EPV,Britain's Brexit Boat Hits The Rocks,0.3182958960533142,-0.0003279128878023174
2019-11-14,SXC,"Mangrove Partners Buys SRC Energy Inc, Iovance Biotherapeutics Inc, SunCoke Energy Inc, Sells ...",0.7806698083877563,0.05252094077006464
2019-07-26,HIG,Willis Towers (WLTW) to Report Q2 Earnings: Will It Beat?,-0.45144519209861755,-0.006707835166924858
2019-12-03,TWO,Quick And Dirty mREIT Discounts For 12/01/2019,0.8943552374839783,-0.00204373358336829
2019-03-08,HOG,It's Time For Dividend Investors To Hop On Harley-Davidson And Enjoy A Great Ride,0.6466537117958069,-0.008497341005509251
2012-08-30,KR,Supervalu Administers Flu Shots - Analyst Blog,0.8792965412139893,0.0036034767470141116
2017-03-01,JUNO,Biotech Forum Daily Digest: Revisiting Eagle Pharma; Can Biotech Finally Break Through Upward Resistance Levels?,-0.27512675523757935,-0.10628204991978363
2012-01-06,GME,4 Deals That Rewrote Barnes & Noble History,0.8994990587234497,-0.03538424387671302
2013-11-12,HP,"Transocean, Icahn Settle Terms, Shares Rise - Analyst Blog",0.4565175175666809,0.00970880770984417
2013-10-01,CX,Top Guru-Held Central and South America-Based Companies,0.7229658365249634,-0.001748472910424792
2016-09-12,FCX,Anadarko to buy Freeport's deepwater Gulf of Mexico assets for $2B,0.7715651988983154,-0.08393489974294821
2020-02-10,BKE,Buckle's Comparable Sales Increase for 2nd Straight Month,-0.9209829568862915,0.0027038797928422564
2019-05-31,SEIC,"SEI Investments (SEIC) Presents At Keefe, Bruyette & Woods Mortgage Finance & Asset Management Conference - Slideshow",0.8994827270507812,0.0009949767510506469
2017-01-25,GME,Golar LNG Is Top Challenger Dog For January 'Safe' Gains,-0.34105122089385986,0.0020687349034460567
2015-03-30,AGQ,Silver ETFs Outshining Peers,0.03380930423736572,-0.007617227031884832
2015-05-07,VSAT,Analysis On Seth Klarman's Top 3 Holdings,0.9072058796882629,0.001805656823010926
2012-06-20,E,Weatherford's $843M Iraqi Deal OK'd - Analyst Blog,0.5395030975341797,-0.026638041113485333
2019-06-26,AWK,American Water's Arm to Invest $1.8M to Improve Water System,-0.6068906784057617,-0.00043370573820644687
2019-02-15,ASTE,ASTEC INDUSTRIES SHAREHOLDER ALERT: CLAIMSFILER REMINDS INVESTORS WITH LOSSES IN EXCESS OF ...,0.6362332701683044,0.012230284488294663
2014-02-25,TJX,Stocks Finish With Mild Losses; Tesla Soars On Upgrade,-0.05399062857031822,-0.011477343870110457
2018-08-20,KMG,Some Caveats About Cabot Microelectronics' Acquisition Of KMG Chemicals,0.7156051993370056,0.0032701180397303187
2015-06-04,DENN,Higher prices keep restaurant sales growing,-0.5615171790122986,0.07000953132996157
2010-11-16,HDB,9 China Banking Stocks to Watch,0.8828564882278442,0.014920343079090292
2020-02-14,AAP,"Altrinsic Global Advisors Llc Buys Berkshire Hathaway Inc, BP PLC, EOG Resources Inc, Sells ...",0.7661077380180359,0.06153164626984031
2017-03-06,NYT,'Fake' New York Times Gets Boost From The Donald,-0.7637898325920105,-0.003436654338645817
2018-05-11,IPGP,This Top Growth Stock Of 2017 Is Setting Up For Another Advance,0.04436388611793518,0.006004670535276535
2013-12-10,BMRN,"Myriad, Janssen Partner on BRACAnalysis - Analyst Blog",0.9090932607650757,-0.017241304982463568
2020-04-28,SJM,Bull of the Day: J.M. Smucker (SJM),0.8521871566772461,-0.037508801106670986
2016-09-06,SIRI,SiriusXM offers extensive coverage of 2016 NFL season,0.792834460735321,0.004807903744343589
2015-12-16,MHF,Why Municipal Junk Bonds Are A Favorite Among Top Mutual Fund Managers,0.826442539691925,0.011826516616308957
2020-03-06,GRBK,"Green Brick Partners Inc (GRBK) Files –…-K for the Fiscal Year Ended on December '–, ...",0.9064846038818359,-0.06647403915705852
2020-01-28,HD,"Ocean Capital Management, LLC Buys Deckers Outdoor Corp, The Home Depot Inc, Parsons Corp",0.868866503238678,0.0006842911171001109
2019-04-22,NVO,What's in Store for Bayer (BAYRY) This Earnings Season?,0.8111833930015564,0.011642207509042102
2019-11-07,INTC,Intel: Better Lucky Than Good,-0.47767817974090576,0.0037899317129890253
2019-12-06,SCHB,"Orgel Wealth Management, LLC Buys iShares Core –-5 Year USD Bond ETF, Fidelity National ...",0.6870371103286743,-0.003713841531129858
2015-03-06,CRMD,CorMedix (CRMD) Surges: Stock Adds 26% in Session - Tale of the Tape,-0.8916541934013367,0.06424246123342803
2015-12-11,ETP,"Energy Recap: Why It's Time To Stop Drilling, Dissecting ACNTA, And More",0.8550931215286255,-0.008667545287204925
2019-01-11,USPH,LHCG vs. USPH: Which Stock Is the Better Value Option?,0.8793224096298218,-0.0421625154056382
2015-12-14,ILMN,Ilumina and Novogene team up to develop NGS diagnostic system for China,0.05248841643333435,0.06652922900344826
2014-08-22,TSM,Here's Why Taiwan Semiconductor is Going to Soar,0.7313209772109985,-0.0072010414159086045
2016-08-15,SNPS,"Cisco, Intel, Synopsys On Fast Track In Internet of Things: RBC",0.6241177320480347,-0.003567619658224608
2016-12-16,VTWV,"3 Things: What's Driving Rates, Trade And Fantasy Girl",0.9011126756668091,0.009531477672987787
2016-06-30,DBC,Commodities As An Asset Class: Delivering Beta And Beyond,0.7705833911895752,0.012377771026778506
2018-07-26,FYT,Time to Look for Value in Small-Cap ETFs?,0.8624880313873291,-0.008983464106733341
2015-09-16,TAP,"Stock Futures Post Thin Gains; Molson Spikes, FedEx Stumbles",-0.0024814214557409286,-0.004579316440917136
2013-04-18,PERI,Work On Watch Lists During Market Corrections,0.7284780740737915,0.008952642995658788
2016-11-30,OHI,December 2016 Stock Considerations,0.9170472621917725,-0.023421489425658915
2019-04-04,LOW,Moody's expects margin improvement from Lowe's,-0.9330077171325684,0.014648684171135073
2012-03-12,NCMI,The Best Dividend Stocks from the Service Sector,0.39061063528060913,0.012903517932609576
2019-02-28,PB,Prosperity Bancshares Sees Relative Strength Rating Climb To 74,-0.9258310794830322,0.00416396916765005
2018-08-17,ARGT,Is Argentina Drowning Itself In A Glass Of Water? Fed-Up Investors Are Talking: Don't Blame Turkey.,0.6426683664321899,-0.0003806357543906236
2019-11-21,HD,Home Depot: Time To Get More Cautious,0.7343751192092896,-0.002333671001377602
2017-10-24,TMO,"MedTech Stocks (BAX, VAR, TMO, LH) Earnings Preview: What You Should Know",0.8931190371513367,0.027214622351016793
2019-07-30,VGI,Weekly Closed-End Fund Roundup: Get Ready For An ECC Pullback,0.7692190408706665,-0.0015173957022639462
2020-02-27,HBM,Rockcliff Updates Talbot Deposit to —.–9M Indicated Tonnes at 4.44% Copper Equivalent,0.5479949712753296,0.056034648815226795
2014-08-22,JBL,Plexus (PLXS) Opens New Manufacturing Unit in Mexico - Analyst Blog,0.3652399182319641,0.013078159879478468
2018-07-02,RVT,"Weekly CEF Roundup: AEF Tender Expiration, FSD/FHY Merger",0.8918986916542053,-0.010793493446543567
2017-01-27,CL,Unit volume down 6% at Colgate-Palmolive,0.011258694343268871,-0.002319059708125404
2019-11-20,PGJ,"U.S.-China trade talks make headway, but are still fragile",-0.06440550088882446,-0.0018449690440064392
2014-08-25,HSBC,HSBC Holding's Muted Revenue Growth a Lingering Concern - Analyst Blog,0.013035967946052551,-0.006673788721957785
2017-12-18,KBE,Assessing The Impact Of The Fed Rate Rise And The Prospects For More,0.8220050930976868,-0.004996846916779263
2020-04-14,ICFI,"Tributary Capital Management, LLC Buys Comfort Systems USA Inc, Kaiser Aluminum Corp, CSW ...",0.8506957292556763,-0.047598503448544105
2012-08-14,STAG,"STAG Industrial (STAG) CFO Gregory W Sullivan buys 7,067 Shares",0.9032683372497559,0.016359882907396317
2016-09-15,INDY,Why And How To Invest In India,0.91305011510849,-0.006611497923995846
2019-01-16,JPM,Should iShares Russell Top 200 Value ETF (IWX) Be on Your Investing Radar?,0.8190598487854004,0.004097383127387166
2015-05-06,SUNE,"SunEdison buys solar services firm, enters residential PPA market",0.6684775948524475,-0.02137136663255168
2016-05-09,KLXI,"KLX Investors Should Resist Temptation, Wait for Better Entry Point",0.6930629014968872,0.02990242207443128
2018-06-29,ERY,Crude oil caps huge weekly gains amid global supply outages,-0.6525251865386963,0.048928030588897053
2019-08-13,SCHF,"AllSquare Wealth Management LLC Buys Schwab International Equity ETF, Advanced Micro Devices ...",0.6224007606506348,-0.025374114626539046
2019-08-13,BRX,UPS Packages 'A'-Rated Bond As U.S. Corporates Deliver Yield,-0.5238601565361023,-0.034736886323861516
2017-01-06,GFI,Gold miners open lower as yellow metal retreats following jobs report,0.02048385888338089,0.015431923178421902
2018-08-02,ROK,"One Quarter Doesn't Break, Or Make, Rockwell Automation",0.9016377925872803,-0.004713684230997384
2019-09-03,NDSN,Not All Dividend Kings Are Noble,0.9065413475036621,0.01274770281381632
2018-06-07,CRH,"Dow Leads Mixed Stock Session, As Oil Rises On Venezuela Problems",0.004336029291152954,0.0002635474661638604
2019-06-07,PGJ,Can China Hold The U.S. Hostage With Rare Earth Metals?,0.8397113680839539,0.02311657994335925
2013-04-30,PZZA,"Domino's Pizza ""Value"" Delivers In Uncertain Economy",0.5264332294464111,0.00015852682730099765
2011-08-02,LNC,Principal Financial Beats by a Penny - Analyst Blog,0.8793163895606995,0.0007856074387764256
2012-01-19,BBT,"Thursday's Top 10 Articles, Videos on TheStreet",0.9071084260940552,-0.0026167668834690128
2016-12-12,ESRX,Express Scripts to cover Gilead's Harvoni,0.8349124193191528,0.014840495387919761
2018-04-23,KAR,"Zacks.com featured highlights include: ICU Medical, KAR Auction, Sony, Goldman Sachs and United Natural",0.9157987236976624,-0.010542093754583926
2010-11-22,WIT,Emerging Market ADRs: Winners and Losers,0.8694459199905396,-0.01587295370673536
2014-04-02,ALGT,Airline Industry Stock Outlook - April 2014 - Zacks Analyst Interviews,0.9013711214065552,-0.0027054089122809932
2011-12-07,BKE,November Sales Rise at Buckle - Analyst Blog,-0.8232647776603699,-0.017971787748510604
2015-04-23,TJX,TJX Companies CEO to fill chairman role as well,0.9163756370544434,-0.0006032039652014154
2018-08-08,ILMN,Merrimack (MACK) Suffers Wider-Than-Expected Loss in Q2,-0.012701950967311859,-0.013605420084174757
2015-03-26,WSM,Restoration Hardware Q1 Outlook Hit By Ports Slowdown,0.010497497394680977,0.009590198398629513
2017-02-28,ONEQ,Best And Worst Q1'17: All Cap Growth ETFs And Mutual Funds,0.812898576259613,0.012060322469992668
2015-04-27,RSX,"Sector Rotation Model Stays Bullish, But Neutral Rankings And Technical Resistance Flash Caution",0.02629910409450531,0.012320233516852852
2012-04-17,CUZ,REIT Industry Review & Stock Picks - Industry Outlook,0.8858684301376343,-0.009259999859574153
2016-01-25,ARCC,They Stormed The Barricades: Has The Buying Panic Ensued?,0.10133491456508636,0.01688681073602849
2013-09-05,PRAA,Samsung Deploys Synopsys Product - Analyst Blog,0.9036870002746582,0.009796922747419279
2018-10-09,APO,"Cerebellum GP, LLC Buys Assurant Inc, Electronic Arts Inc, SCANA Corp, Sells Canadian Natural ...",0.7987825870513916,-0.04413999255652601
2016-02-08,MPLX,"If A Producer Goes Into Bankruptcy, How Will That Affect Midstream Contracts?",0.1598709374666214,-0.021680129003893822
2018-07-26,HELE,"Altria (MO) Q2 Earnings Top, Smokeable Unit Hurts Revenues",-0.3288474678993225,-0.007017570629454517
2019-07-25,TDTT,3 Signs Of The Times,0.8128136992454529,-0.0004067770946641902
2016-09-29,PGF,NexPoint Credit Strategies Fund: A Good Or Bad Investment?,0.6199899911880493,0.0031587816423195303
2019-06-25,RSP,What Does The Federal Reserve Rates Mean For Investors Going Into The Summer Months?,0.7923702001571655,-0.0016929960895624152
2020-04-30,ALGN,Shell Cuts Dividend For First Time Since WWII,0.14741501212120056,-0.05394466496359129
2020-04-23,RGP,Resources Connection (RGP): The Perfect Mix of Value and Rising Earnings Estimates?,-0.2404298484325409,-0.03173054842741008
2018-11-13,DK,Is HollyFrontier The Newest Refining Star?,0.7979956865310669,0.0002703301698816496
2018-07-03,KLAC,By The Numbers: High-Quality Stocks In Technology,0.23928874731063843,0.018011615672677506
2017-01-30,ZION,Stocks Off Lows But Still Down; Google Parent Falls Back To Buy Point,0.028518520295619965,-0.0016560495165276468
2015-01-29,STLD,"Steel Dynamics EPS in-line, misses on revenue",0.7729117274284363,0.0064970750384441
2019-08-20,HD,Home Depot: A Buy At The Right Price,0.7730296850204468,0.015246951959063448
2018-06-28,FMS,Here's Why You Should Steer Clear of Fresenius Medical Now,0.8587960600852966,0.010638239487516188
2019-05-23,DRR,Markets closely watching EU elections,0.8573973178863525,-0.005834223351060097
2019-04-08,CHMI,AGNC Investment's Q1 2019 Income Statement And Earnings Projection - Part 2 (March Volatility Negatively Impacted Hedges),0.7792484760284424,-0.004595288480816695
2018-07-31,BRX,Brixmor Property Group Inc. (BRX) CEO James Taylor on Q2 2018 Results - Earnings Call Transcript,0.8189800381660461,-0.004522239507150472
2019-08-08,USFR,Just Incredible,0.711235523223877,-0.0003984308563884653
2020-02-11,BMA,Top Ranked Value Stocks to Buy for February 11th,0.8126497268676758,0.028598322314483893
2020-01-21,DIS,"Candriam Luxembourg S.C.A. Buys Alphabet Inc, Intel Corp, Qualcomm Inc, Sells Celgene Corp, ...",0.8375741839408875,0.0031345039673582598
2015-10-08,AES,Dividend Ideas: Superior Returns From Shrinking Shares,-0.9029648303985596,-0.003717498698553756
2017-12-21,RXI,Retail Stocks For 2018: Part 1 Of 2,0.92495197057724,-0.0021841718851830505
2015-07-14,WEC,10 Of My Favorite Dividend Growth Stocks Trading At A Discount,0.8325495719909668,0.0035999315269179544
2018-10-09,ESCA,Your Consumer Cyclical Top Yield 50 & Broker Gain 50 WallStars For October,0.2297671139240265,0.0
2020-02-14,AXP,US Indexes Close Mostly Flat Friday With Gains for the Week,-0.03553365170955658,-0.0019867411336842444
2017-01-11,MFM,MFS Investment Management declares monthly distributions,0.6969755291938782,-0.004360055681519648
2017-01-25,GXP,"Bridgecreek Investment Management, LLC Buys Under Armour Inc, Honeywell International Inc, ...",0.7956363558769226,0.006324428850306374
2015-01-20,BZQ,Brazil blackout sparks power rationing fears,0.02768138237297535,-0.06652937785576474
2020-05-29,CIO,Lamar Advertising Slashes Q2 Dividend on Coronavirus Scare,0.025945264846086502,0.016163794913994778
2015-08-31,IYM,The Trader's Paradise Is The Investor's Nightmare,0.9093880653381348,-0.03507784343031395
2015-04-02,CMCM,Cheetah Mobile soars above $19,-0.8644939661026001,0.05973125569584825
2016-01-25,SFBS,"ServisFirst beats by $0.10, misses on revenue",-0.340228408575058,0.021926625636576214
2016-08-04,SPH,"Suburban Propane Partners beats by $0.14, misses on revenue",0.06445640325546265,-0.010303666995993388
2014-03-14,GNRC,"IBD 50: Despite Weak Market, Some Names Soar",-0.321300208568573,0.011575937392283908
2018-10-22,PKB,Lumber Halves In Value - Weyerhaeuser Revisited,0.6363654136657715,-0.004622451716889686
2018-06-26,ZUMZ,Redbook reports another strong week of sales growth,-0.9174882173538208,-0.016917321672406227
2018-04-30,NXP,Apple Stymies Qualcomm's Quarterly Results,0.020541004836559296,0.004291889673151195
2013-07-18,AMX,Orange to Divest Dominican Asset - Analyst Blog,0.8842559456825256,-0.01748582952416866
2018-01-17,MAA,Dividend Sensei Portfolio Update 18: Investing Lessons From The Biggest Bubble In History,0.6654118895530701,-0.014320722545101416
2012-08-07,ESRX,"CVS 2Q Net Climbs 18%, Hikes '12 View",-0.896537184715271,0.08407709828606236
2013-10-02,NSM,Prosperity Bancshares Stays Neutral - Analyst Blog,0.8850961923599243,-0.01927625642728603
2016-07-13,ATHM,"Autohome Fades On Management Exodus, Ku6 Bows",0.10903102904558182,-0.005118461113614026
2016-01-07,STZ,Constellation Brands (STZ) Q3 2016 Results - Earnings Call Webcast,0.9120224714279175,-0.01744550272108003
2019-09-04,TZA,Back To School: Our Themes Put To The Test,0.8163880705833435,-0.053734143514998056
2012-03-20,NYT,NY Times: Online Subscription Numbers Grow In First Year,-0.8731759786605835,-0.014450933346790262
2016-07-08,PLUG,Fuel Cell Energy's New Largest Shareholder Is Betting On Some Major Short-Term Catalysts To Play Out,-0.27589088678359985,0.0
2013-08-22,RLJ,W. P. Carey Acquires State Farm Assets - Analyst Blog,0.9122954607009888,-0.0004337142661137161
2018-12-10,FTNT,Fortinet +4% on securing global network for Indian distributor,-0.8710075616836548,-0.003480592184530229
2011-06-28,HP,Oil Rig Count Tops 1000 - Analyst Blog,0.6630657315254211,0.023170936323479552
2014-06-16,WPZ,Williams' Access Buy Would Create Natural Gas Giant,0.5699707269668579,-0.06654642173185743
2014-05-02,JAZZ,AstraZeneca Nixes New Bid As Pfizer Woos British PM,0.06313729286193848,0.01690302745226946
2012-07-23,KGC,"Gold Prices Fall on Greece, Spain Woes (Update 1)",0.18812231719493866,-0.017766523445567395
2018-07-26,BYD,Mattel's (MAT) Shares Down on Wider-Than-Expected Q2 Loss,0.01415613479912281,-0.0306765235895492
2013-03-15,BPOP,Five Financial Companies Post Huge Profit Gains,-0.5445996522903442,0.0028540742153191356
2018-12-04,XLU,"A Negative ""Turnaround Tuesday""",0.009994905441999435,0.001067682010823079
2019-05-06,PBA,Canadian Dividend All-Stars Expected To Announce Dividend Increases - Week Of May 6,0.9132196307182312,-0.009051920797122248
2019-03-25,FAZ,Fear an Inverted Yield Curve? Short Financial Stocks With ETFs,0.7315154671669006,-0.0320318691132917
2019-09-06,CL,Dividend Income Update August 2019,0.8962125778198242,-0.02021429254531526
2018-06-08,TVIZ,Market Volatility Bulletin: Vol Shorts Need Buy-The-Dip To Hold To Make Roll Decay Work In Their Favor,0.8442631363868713,0.005896249225701977
2019-10-09,CPA,Azul's (AZUL) Traffic and Load Factor Increase in September,-0.925830602645874,0.012747721607142104
2018-10-04,MNKD,MannKind Is A Better R&D Company Than A Full Service Pharma Company,-0.39580121636390686,-0.022598848748059952
2012-03-14,EEP,Enbridge Energy Misses Consensus - Analyst Blog,0.8218225836753845,0.006070402824954302
2018-10-15,SJM,Can A Dividend Growth Portfolio Beat Index Funds?,0.708427369594574,0.014047664713485064
2017-06-30,TEN,Tenneco Introduces Electronic Suspension Technology -- DRiV,0.35076257586479187,0.045833520387911886
2019-09-18,AWK,DGI For The DIY: Q2 2019 Dividend Portfolio Update,0.9281858801841736,0.007077012268441152
2015-05-12,AGCO,Industrial Machinery Stock Outlook - May 2015 - Zacks Analyst Interviews,0.9014392495155334,0.010809891083658263
2019-02-05,NOBL,Dividend Aristocrat Performance: January 2019,0.8696986436843872,-0.00031059608427863594
2015-02-06,ENTA,After Hours Gainers / Losers,0.7912307381629944,-0.023168238208574832
2016-02-29,BEN,The Vetr community has upgraded $BEN to 3-Stars.,-0.869927167892456,0.029846508915173597
2013-08-29,HIW,Mack-Cali Downgraded to Underperform - Analyst Blog,0.015848908573389053,-0.020301557706506324
2019-09-06,AFG,"American Financial Group (AFG) Presents At Keefe, Bruyette & Woods 2019 Insurance Conference - Slideshow",0.9025043845176697,0.010018928616590816
2017-08-07,MET,Are Options Traders Betting on a Big Move in MetLife (MET) Stock?,0.7600177526473999,0.0049456354368504485
2019-02-12,ASTE,"CLASS ACTION UPDATE for SOGO, XRAY, AXGN and ASTE: Levi & Korsinsky, LLP Reminds Investors ...",0.8980109691619873,0.002698494687048525
2017-02-17,VWO,Emerging Market Local Debt: A Seasonal Opportunity,0.7982481122016907,0.008169716670876515
2017-12-26,CLX,Clorox Shows Rising Relative Strength; Still Shy Of Key Threshold,-0.923951268196106,-0.0026722902089908462
2017-02-01,ARDC,My Second Half Forecast For 2017,0.7466318011283875,-0.0069939013235642555
2018-02-06,CSL,"Canandaigua National Bank & Trust Co Buys Applied Materials Inc, CME Group Inc, Carlisle ...",0.8725895881652832,0.020603489952236265
2019-04-01,STAG,Kevin's 'Triple Threat' Portfolio: Q1 2019 Review,0.9129360318183899,-0.005050168271716671
2019-01-15,CP,Top-Rated Stocks Near Buy Point With Earnings Due: Canadian Pacific Railway,0.024321436882019043,-0.001909953857837321
2019-07-02,MSN,Emerson Radio reports FY results,0.8695463538169861,0.0
2018-02-09,MOS,5 Reasons to Add LyondellBasell (LYB) to Your Portfolio Now,0.8673315048217773,0.035318211574159486
2020-02-27,EME,Emcor Group (EME) Beats Q4 Earnings and Revenue Estimates,-0.9156407117843628,-0.018752535242609003
2016-09-08,COHR,Google Enters New Era,0.8300040364265442,-0.045212702773104074
2015-09-17,HTM,U.S. Geothermal (HTM) in Focus: Stock Moves 7.2% Higher,-0.835433304309845,0.0
2019-07-10,BK,Earnings Preview: Bank of New York Mellon (BK) Q2 Earnings Expected to Decline,0.013701271265745163,0.014172969669270064
2016-10-31,XOP,"Gabon Oil - The Strike Has Stopped, But This Will Not Save October Exports",0.06352560222148895,0.002828569802898251
2013-12-18,BZH,Housing Starts Surge to Highest Since '08,-0.8800939321517944,-0.009004901568440027
2019-12-04,AES,NRG or AES: Which Utility Stock to Add to Your Portfolio?,0.9154829978942871,-0.004761859046336858
2016-02-04,BZQ,Brazil's Downturn Shows Signs Of Moderating At Start Of Year,-0.8184134364128113,0.04745693273603102
2015-03-02,AP,Price increases hit Ampco-Pittsburgh subsidiaries,-0.035360172390937805,-0.016281645826095703
2012-02-28,BAX,Baxter International Close to 200 Day Moving Average,0.8925681114196777,-0.0015457195905400622
2018-07-03,GBR,Premarket Gainers as of 9:05 am (07/03/2018),0.8723968267440796,0.20437947651170996
2016-02-26,DGAZ,Oil rig count drops for 10th straight week,0.02064894512295723,0.1550759392486012
2018-06-01,EPV,EU initiates WTO challenge against U.S. tariffs,-0.09258759021759033,-0.007771927630987552
2020-02-05,HUBS,HubSpot Marks –…th Anniversary of its Partner Program With the Launch of Solutions Partner ...,-0.43351852893829346,0.01162666724539485
2015-01-27,HP,Will Helmerich & Payne (HP) Miss on Earnings in Fiscal Q1? - Analyst Blog,0.2872971296310425,-0.06488036182447632
2017-12-01,FCX,"Correction Aside, Copper's Trend Continues",-0.6926034688949585,0.013465723196046442
2019-04-03,DSU,BlackRock declares monthly distribution on Taxable funds,0.8853065371513367,0.0
2018-05-16,WHLR,"Wheeler REIT: The Good, The Bad, The Ugly",0.6686210036277771,0.019093078758949833
2014-04-22,VTR,"Simon Property Tops Q1 FFO, Ups Div and View - Analyst Blog",0.5104689002037048,0.0013951398768854428
2019-09-03,LEG,The Most Undervalued And Overvalued Dividend Champions - September 2019,0.40981942415237427,0.008225887329228465
2018-02-27,AZO,"AutoZone misses by $0.46, beats on revenue",0.27595534920692444,0.015661528349403042
2019-12-03,BEN,Is Franklin Resources (BEN) a Good Pick for Value Investors?,0.7805284261703491,0.00341140235392845
2015-09-11,VALU,Value Line reports FQ1 results,0.8315128684043884,-0.04148774915788833
2018-07-06,DDD,Stocks To Watch: Three D Systems Sees Relative Strength Rating Rise To 83,-0.9227200746536255,0.01967435321276323
2019-08-09,WPP,WPP plc 2019 Q2 - Results - Earnings Call Slides,0.829254150390625,-0.016385005851787815
2018-04-12,GERN,After Hours Gainers / Losers (04/12/2018),0.8617096543312073,-0.035087745506153345
2019-11-12,RDNT,"RadNet EPS misses by $0.04, beats on revenue",-0.23574408888816833,0.018029664614291452
2017-06-15,STZ,"Castle Brands (ROX) Q4 Earnings Break Even, Revenues Beat",-0.9087527394294739,0.0032169794043930278
2016-07-22,PKG,Deutsche Bank turns cautious on Packaging Corp. of America,0.08375173807144165,-0.004170038919233843
2016-12-05,FIZZ,Consumer Goods - Top Gainers / Losers as of 12:15 pm,0.4727575182914734,-0.004436774052671066
2013-11-26,AIZ,Enstar Group Closes Atrium Buy - Analyst Blog,0.59515780210495,0.00574432197191177
2019-05-23,NOG,Implied Volatility Surging for Northern Oil and Gas (NOG) Stock Options,-0.6023268699645996,-0.009661781718980245
2012-06-11,CPN,TheStreet Ratings Top 10 Rating Changes,0.8282996416091919,-0.01084339162887682
2017-11-17,PMO,FPT - Even More Quality Munis At A Discount?,0.7816435098648071,-0.006324078854630155
2016-10-18,DEM,WisdomTree's Newest Emerging Market ETF,0.6029340028762817,0.004218441404546747
2018-02-26,MSI,Top Ranked Momentum Stocks to Buy for February 26th,0.7664466500282288,-0.0018721466579513235
2016-07-18,MRVL,Notable earnings after Tuesday's close,-0.8572645783424377,-0.022817340531852914
2014-04-28,NTES,Perfect World - A Chinese Gaming Stock That Could Drive Up Your Portfolio,0.6390886306762695,0.021770906199377604
2018-02-13,DZZ,Gold Still Sending Mixed Signals,-0.08612198382616043,-0.034749002761329084
2015-09-16,WD,Do You Own Ocwen (OCN) Stock? It's Time to Rethink,0.8946728110313416,-0.006278905395400769
2020-04-16,TRV,5 Stocks Poised to Beat on Q1 Earnings Amid Coronavirus Woes,-0.7945116758346558,0.05270019852460006
2015-07-21,ANTH,"Premarket Biotech Digest: Sanofi And Cholesterol, Novartis Misses, Alzheimer's IPO",0.8879724740982056,0.06108382882118524
2015-12-11,FN,Optical component stocks close higher as Finisar soars post-earnings,-0.9085187911987305,-0.01994554113150737
2014-01-09,MDT,St. Jude Medical Down to Sell - Analyst Blog,0.05372769013047218,0.009939559239069196
2019-10-16,SWX,Southwest Gas: The Paul Butterfield And Ry Cooder Of The Utility Sector,0.8936293721199036,0.0019169949198301062
2019-02-14,DVA,DaVita HealthCare Partners Inc. (DVA) CEO Kent Thiry on Q4 2018 Results - Earnings Call Transcript,0.8006978631019592,0.017386784625240015
2015-07-23,AVB,"Macerich (MAC) Beats on Q2 FFO, Raises 2015 Guidance - Analyst Blog",0.659109354019165,0.004152306379824111
2015-06-18,MANH,Fitbit Keeps Up Pace As Stocks Remain Near Session Highs,-0.6835588216781616,-0.011140240743391039
2019-02-21,DLR,Jane's January Retirement Account Update - Pay Attention To The P/E Ratio,0.9140847325325012,0.018217690302270828
2019-11-27,ADTN,"DEADLINE ALERT for ADTN, SEE, YJ, and PLT: Law Offices of Howard G. ...",0.9294828176498413,-0.0032541366341358735
2014-02-11,GIII,Michael Kors Now a Strong Buy - Analyst Blog,0.05872181057929993,-0.005708301198341981
2020-02-28,GCC,Smart Harvest Market (New PDF) [Review: —…—…-—…—9] | Top Players – Deere & ...,0.8432112336158752,0.01610980654768457
2011-05-13,MNKD,MannKind Evenly Poised - Analyst Blog,0.8826389312744141,-0.022556428357406677
2015-02-18,LOCO,This Top-Rated Stock More Than Tripled In 5 Months,-0.14274874329566956,-0.011332589881609456
2018-12-06,PXE,Numerous Crosscurrents Are Coming To A Head: OPEC,0.5361394882202148,-0.004897247374394675
2015-12-16,CPA,Copa Holdings traffic up 2.6% in November,-0.9278315305709839,-0.016582162937979983
2019-04-15,SLB,"Paragon Capital Management LLC Buys Zions Bancorp NA, Walgreens Boots Alliance Inc, iShares ...",0.8321292996406555,0.020258547526793125
2017-02-15,GIGM,Some of the Most Undervalued Stocks With Rising Prices,-0.013583704829216003,0.054794466860145
2016-02-10,TVIX,Research Note: January 2016,0.8007272481918335,0.1234567901234569
2018-11-06,VET,Monthly Paid Dividends From 87 All Cap U.S. Equities And 80 Funds For November,0.8730670213699341,0.0011715194183556932
2017-01-23,HUM,Analysts agree that Humana - Aetna marriage likely dead,0.6947518587112427,-0.024778417737321923
2017-12-01,KEY,"Stock Indexes Drop, But Oil Stocks Rise; Vote Likely On Tax-Cut Bill",-0.06264001876115799,0.026137009972283742
2020-04-21,GILD,Biotech ETFs Gaining on Progress in Coronavirus Treatment,-0.8482009172439575,0.03540010748047617
2016-10-04,YINN,Global PMIs 'Languish',0.02274458482861519,0.07383616427696671
2015-11-25,IPXL,Impax Labs' NUMIENT cleared in Europe for Parkinson's,0.27979356050491333,-0.0033542379647669707
2020-03-03,CRMT,"Zacks.com featured highlights include: Cogent Communications, Atlantic Capital Bancshares, CBIZ and America's Car-Mart",0.8922049403190613,0.0319915644942963
2016-02-03,INUV,"Inuvo EPS in-line, beats on revenue",0.8123687505722046,-0.0319999694824219
2018-07-06,EDC,Island Life,0.903792142868042,0.05226185523779403
2016-10-06,VEEV,Stocks Flat; Veeva Cuts 50-Day; Why Apple Is Still Crisp After Its Breakout,0.2934226393699646,-0.004102560190054061
2015-07-10,OEC,Praxair (PX) Acquires Cryospec and Garland Gas Distributors - Analyst Blog,0.8199673891067505,0.004228067201589969
2018-12-17,BUD,Anheuser-Busch InBev SA/NV: Doubling Our Dividend Yield,-0.9105895757675171,0.007621280230510674
2015-09-21,TCAP,10 Challenger Dividend Dogs Boast 11.13% To 18.24% Yields As Of September 18,0.7676429152488708,0.0
2020-02-14,SUPN,"Bruce & Co. Buys Supernus Pharmaceuticals Inc, General Electric Co, Fate Therapeutics Inc, ...",0.8632979393005371,-0.018333355585734012
2015-10-13,HQH,Health care leads declines ahead of Dem. debate,0.005797164514660835,0.025349877310128388
2019-03-07,HOV,U.S. homebuilders rise amid global growth worries,-0.7868307828903198,0.048387096774193505
2018-04-20,SLB,Schlumberger posts Q1 earnings beat but sees oil sector supply challenges,-0.515042245388031,-0.004622170960370653
2018-10-22,SIFY,Sify Technologies Limited (SIFY) CEO Kamal Nath on Q2 2018 Results - Earnings Call Transcript,0.8646945357322693,-0.0530302748499929
2019-07-19,CI,"Farmers & Merchants Trust Co of Chambersburg PA Buys DuPont de Nemours Inc, NextEra Energy ...",0.7773078680038452,-0.01773303421620398
2012-07-19,HOLX,Hologic - 52 Week High,0.42782190442085266,-0.014553050414575663
2019-07-10,FUN,Cedar Fair +3% after summer season update,0.1385594606399536,0.029654027416032402
2018-12-07,SIVR,"Sluggish silver could deserve a closer look, some analysts say",0.16624599695205688,-0.007735626461738865
2018-04-24,BUD,Which Industries Are Benefitting From High Consumer Confidence?,0.6415269374847412,0.007318400754648735
2019-05-14,OXY,"Kitzinger Lautmann Capital Management Inc Buys Bristol-Myers Squibb Company, Southwest Airlines ...",0.7228193283081055,-0.005499569798956716
2019-03-28,FCX,Danaher: Buy For Long-Term Total Return And 9% 3-Year CAGR,0.5777802467346191,0.012568557699531802
2012-06-01,DUK,Utilities Sector Wrap,0.8983635306358337,0.00581671548031748
2018-11-09,SU,"TransCanada, Canadian producers lower after latest Keystone XL setback",-0.00604027695953846,-0.004161647037127847
2020-03-24,FCX,Copper Gains on Supply Shortage Fears Amid Coronavirus Outbreak,-0.22457413375377655,0.03719597650672757
2018-11-14,KRE,Is This The Start Of Metal Mania?,0.5465535521507263,0.018312812070642837
2011-11-07,BKU,Zacks #1 Rank Additions for Monday - Tale of the Tape,0.47276607155799866,0.0314069827685699
2016-11-30,SNPS,"Synopsys -2%; Q4 okay, revolving credit facility increased, acquisitions conclude",-0.8827816247940063,-0.06018517554892566
2016-07-11,KKR,The REIT Big Bang,0.7635214328765869,0.0
2016-01-21,XLU,Sector Rotation Watch: 'May You Live In Interesting Times',0.7095188498497009,0.017894752821353777
2020-04-01,MDLZ,Mondelēz International Completes Acquisition of Give & Go,0.6739906668663025,0.034922163017021335
2017-01-13,TSCO,"Boyd Watterson Asset Management Llc Buys SPDR S&P 5……, iShares National Muni Bond, ...",0.6939882040023804,0.0172253752287852
2013-04-18,MAR,Hasbro Likely to Beat Earnings in 1Q - Analyst Blog,-0.9086071252822876,0.012986813558291788
2020-02-12,WCN,5 Waste Management Stocks to Gain From Coronavirus Outbreak,-0.7665273547172546,0.025027491891180365
2017-07-21,EA,"Fed, FANGs, Autos, Defense, Eateries On Deck: Investing Action Plan",0.7462654113769531,0.01363386387672505
2020-03-16,TYD,Bulls Chasing Treasuries: Play With Leveraged ETFs,0.8873808979988098,-0.08895581128069296
2019-12-04,DLR,Digital Realty Trust Inc (DLR) CFO Andrew Power Sold $—.6 million of Shares,0.919578492641449,-0.01326602989532566
2018-02-28,EWW,Mnuchin floats U.S. rejoining TPP,0.6839452981948853,0.005209212340159919
2018-12-17,KGC,Gold gains as stocks slide; many precious metals miners post strong gains,-0.13881836831569672,0.02325578946518636
2019-02-04,WGO,Thor Industries Is Undervalued,-0.43577876687049866,0.0038526659227111626
2018-07-25,PBR,Reuters: P-E firm in exclusive talks for mature Petrobras oilfield clusters,-0.2498689889907837,-0.03012538912333962
2019-06-12,PFXF,July Rate Cut? Wait For the Fed's Complete Capitulation To Get Aggressive,0.7132454514503479,0.0005110655441187273
2020-05-15,PBA,"Scotia Capital Inc. Buys Brookfield Asset Management Inc, Pembina Pipeline Corp, Cisco Systems ...",0.7861783504486084,0.036402928691133596
2016-03-28,HQL,The Changing U.S. Technology IPO Market,0.42958971858024597,0.011072234225160349
2018-09-11,LOW,"Hurricane Florence anxiety sends HD, LOW and LL higher",-0.31258341670036316,0.0014013730831374804
2016-08-05,HUM,Jobs Boom Lifts Stocks; Tesla Leads Tech M&A; Auto Sales Stall In Busy Week,-0.07187647372484207,-0.007319957776913966
2018-02-28,BZQ,9 Charts: Dangerous Curves,0.780320942401886,0.00432307764177442
2012-11-13,WSM,Market Preview: A Warning Signal,0.8336251974105835,-0.02041216433603299
2015-04-15,FNF,HCC Insurance (HCC) Up to Strong Buy Ahead of Q1 Earnings - Analyst Blog,-0.8450076580047607,0.0002730233740959598
2014-05-28,AEO,Aeropostale Rallies on Sycamore Deal Closure - Analyst Blog,0.855847954750061,0.003700184102613635
2020-06-03,BIDU,"FILING DEADLINE--Kuznicki Law PLLC Announces Class Actions on Behalf of Shareholders of BBBY, ...",0.16294822096824646,-0.03014672727122225
2017-07-21,BSX,Boston Scientific (BSX) Q2 Earnings: What Awaits the Stock?,0.8390466570854187,0.0
2020-04-21,STAA,Coronavirus Stock To Watch: Medical Leader Baxter Falls From Buy Point In Today's Market Sell-Off,0.01565781980752945,0.001618596541272499
2017-11-21,RSPP,WSJ: Growing gas glut threatens west Texas oil boom,0.016092896461486816,0.013333320617675781
2019-01-25,CFFI,C&F Financial reports Q4 results,0.8042760491371155,-0.00019803936304108039
2016-07-29,TEN,Tenneco's (TEN) CEO Gregg Sherrill on Q2 2016 Results - Earnings Call Transcript,0.899242639541626,-0.03571443900917537
2018-12-10,PCRX,"Zacks.com featured highlights include: Abercrombie & Fitch, Pacira Pharmaceuticals, Penumbra, Sprint and Salesforce.com",0.9181591868400574,0.014899559625298098
2012-06-22,MASI,New Ratings,0.8896632194519043,-0.019534843885929853
2019-02-21,UGP,Ultrapar Participacoes declares BRL 0.70 dividend,0.8963220715522766,0.023809377431117884
2016-05-17,KW,Are There Any Deals Among The Dividend Challengers? Part III,0.8980399966239929,0.01150614058840338
2018-08-20,AVT,Avnet Inc 2018 Q4 - Results - Earnings Call Slides,0.6423091888427734,0.0233238226335577
2016-04-04,QUIK,QuickLogic Names Robert (Bob) Schoenfield as New Vice President of Worldwide Sales,0.8857278227806091,-0.02702703200289225
2019-08-19,NEU,5 Runaway Breakout Stocks to Buy,0.6878840327262878,0.001465491515370676
2018-04-11,SJNK,"If Focusing On Fundamentals, Buy The Dip In IG Credit",0.8555731773376465,0.0021872961260989143
2018-08-27,ARCC,"Chase Coleman Trims Redfin, JD.com",0.9181614518165588,0.0011462920357530049
2016-07-05,PBR,The Vetr community has upgraded $PBR to 4-Stars.,-0.901857852935791,0.017441665719950983
2018-12-24,EMB,Weekly Fund Wrap: When Doves Cry,0.8982319831848145,0.0014583808274584165
2014-05-14,RYAAY,Guru Sarah Ketterer's Top Five Positions as of the First Quarter,0.8077649474143982,-0.010558510886896189
2019-11-08,PSI,Semiconductor ETFs Riding High on Solid Earnings,-0.9058366417884827,-0.0004745361328597486
2016-06-02,LEG,ProShares S&P 500 Dividend Aristocrats ETF (NOBL) May Summary,0.834796130657196,-0.014702874848011138
2019-05-17,DMB,Safe Havens Provide Shelter From The Volatile Storm,0.014786899089813232,0.0
2018-01-29,SCZ,"HM Capital Management, LLC Buys Vanguard FTSE Developed Markets, iShares MSCI EAFE Small-Cap ...",0.6538865566253662,-0.007878926193333524
2014-12-26,OSUR,Haemonetics Q2 Results Let Down by Poor Disposables Show - Analyst Blog,0.010764723643660545,-0.0009726921660755394
2017-09-15,TGS,Oneok Sees IBD RS Rating Improve To 73,-0.9257726073265076,0.004020673362883587
2016-09-07,DSU,A Boon For Corporate Bonds,0.21249955892562866,0.0
2018-04-30,ECC,Eagle Point Credit Company: This 6.6875% Baby Bond Started Trading On The NYSE,0.8840799927711487,-0.0005408254638815668
2019-01-09,EW,Edwards Lifesciences (EW) Presents At 37th Annual J.P. Morgan Healthcare Conference - Slideshow,0.8943341970443726,0.004923888078785854
2016-02-02,JNK,Central Bank Exhaustion And Stupid Debt Tricks,0.21750417351722717,0.00368693770044648
2017-02-08,WSR,Identifying Equity REITs Worth Keeping Versus Those To Avoid Right Now - Part X: Malls And Shopping-Centers (Large Caps),0.8377021551132202,0.010933558315480152
2015-09-03,GWW,"Goldman: Industrial growth engine ""choked""",0.7787793278694153,-0.01037636206511372
2013-12-17,ITT,Leucadia to Sell Gaming Biz to Twin River - Analyst Blog,0.8917714357376099,0.010394223244592826
2018-04-05,SMEZ,The 6 Fastest Growing Countries In Emerging Europe,-0.1868419349193573,-0.001423403413351787
2017-11-17,ALLT,Tracking George Soros's Portfolio - Q3 2017 Update,0.9158834218978882,-0.0037037001061669406
2018-01-19,IYZ,REITs Stabilize After Rough Start To 2018,-0.7666275501251221,0.01746544648518711
2019-08-30,CEE,U.S. Equities Relatively Immune To Trade-War Risk... So Far,-0.6336296200752258,0.017073085649340625
2018-07-05,PHG,Wall Street Breakfast: Clock Ticks Down To Next Tariff Round,0.8813899159431458,0.011868720484581097
2017-01-24,ORI,Top Safe Gain Champion Dogs For January,0.6883912086486816,0.0030754462951254613
2015-06-02,IYK,Redbook shows a declining trend in retail sales,0.00863638985902071,0.0010335031748762713
2018-01-12,IRDM,"Iridium sticks up for SpaceX, blames Northrop in satellite loss",0.7880312204360962,-0.019684874535410124
2019-10-18,EPV,"Brexit: Not The Beginning Of The End, But The End Of The Beginning?",0.783851683139801,-0.008730791565441876
2016-07-11,PBA,What Happened In June: MLPs Started Announcing Projects Again,0.8820794820785522,0.01524675782096585
2015-02-23,VGK,Market Views,0.8762344717979431,0.006825808004581102
2012-11-06,TJX,"Analysts' Actions: CMG, KFT, PANW, TJX",0.840601921081543,-0.012993041926227522
2019-08-15,AXP,"The Essence Of Valuation Is Soundness, Not Rate Of Return",0.8820483684539795,0.018385426983587028
2019-03-26,WSM,"New Research: Key Drivers of Growth for Starbucks, Williams-Sonoma, Mercury, Cummins, AMETEK, ...",0.5673439502716064,-0.0026159985165064015
2019-10-09,ALGT,Airline stocks gain on mix of news,-0.17146317660808563,0.005047729074348695
2018-08-28,ESPR,Esperion Therapeutics (ESPR) Bempedoic Acid / Ezetimibe Combo Pill and Bempedoic Development Program - Slideshow,0.8588517904281616,-0.022410053343521863
2015-07-28,CVE,Is SCANA Corp (SCG) Poised to Surprise Earnings in Q2? - Analyst Blog,0.08224964141845703,0.018426435522989948
2015-10-14,FHN,"Bank of the Ozarks Posts In-Line Q3 Earnings, Shares Down",-0.004018671810626984,0.013798102394615652
2018-03-14,SIFY,By The Numbers: Growth Stocks With Superior Relative Strength,-0.8746647834777832,0.049773803882412926
2016-09-08,KR,"Kroger, Hovnanian, Oil Rigs Top Friday's Investing Action Plan",0.8565074801445007,0.006387524011250312
2019-04-22,INTC,"Exxon Mobil, Chevron Lead Dow Jones Today; Facebook Stock Rises Ahead Of Earnings",0.25974008440971375,-0.0006801554046146352
2019-04-29,KMI,"Insiders Buy CLR, KMI And Other Energy Stocks - So Should You",0.8576235771179199,0.0005035927135859097
2018-10-18,CMA,"BB&T (BBT) Q3 Earnings & Revenues Beat, Provisions Increase",-0.9249212741851807,0.010293228430935164
2018-06-26,SLB,"Oil & Gas Stock Roundup: Shell, Baytex, Petrobras & OPEC",0.8637338280677795,0.01196624436895588
2020-04-16,BLK,"BlackRock (BLK) Q1 Earnings Miss as AUM Declines, Costs Rise",-0.017491457983851433,0.038955145121954526
2015-09-04,DIG,The EIA Changes Data Collection Methods,0.8963423371315002,0.02953458310722823
2013-02-07,AFL,AFLAC Incorporated (AFL) Dividend Stock Analysis,0.925977885723114,0.003387834434455561
2019-11-19,FCG,November 2019: Natural Gas Supply-Demand Balance Overview And Forecast,0.905204176902771,0.009852090769649768
2016-03-02,ARDC,Moody's boosts estimate of junk bond defaults,-0.7246930003166199,0.011317653160135333
2015-12-04,COO,Cooper Companies (COO) Down on Q4 Results,0.022720206528902054,0.015267614263159146
2020-06-01,LUV,Warren Buffett: Know When to Cut Your Losses,0.7660762667655945,0.025580242601533687
2013-05-21,NTAP,NETAPP,0.9028550982475281,0.017745276636933704
2015-04-22,PCH,"Potlatch misses by $0.05, beats on revenue",0.12599016726016998,-0.008273263305904943
2011-06-16,PGR,Progressive Beats in May - Analyst Blog,0.8272446990013123,0.015461433961711624
2018-01-22,CROX,Guess?' Strategic Efforts Place the Stock Favorably for 2018,-0.37406566739082336,0.01337083602204392
2018-01-02,HAS,My K.I.S.S. Dividend Portfolio: 4th Quarter 2017 Update,0.9025243520736694,-0.008579358821018124
2016-06-09,NEE,Mario Gabelli Comments on NextEra Energy Inc.,0.8883901834487915,-0.0012100369080444429
2016-09-01,TXMD,"TherapeuticsMD, Improving Post-Menopausal Symptoms One Step At A Time",0.26099130511283875,-0.005689900426742556
2017-01-18,ULTA,Is Macy's 5% Yield Worth The Risk?,0.8244906663894653,0.002335198181497189
2019-10-24,WTFC,Wintrust Financial declares $0.25 dividend,0.9094082117080688,0.01825503359250291
2019-11-01,NOBL,Dividend Aristocrat Performance: October 2019,0.8548974394798279,0.0038306676971904263
2017-10-18,BZH,Here's Why Louisiana-Pacific (LPX) Stock Makes a Solid Pick,0.3498547375202179,0.004094161717386857
2016-10-27,HYG,A Big Hidden Risk In Your Investment Portfolio,0.7048436999320984,-0.004843496430594008
2014-08-22,WEX,"WEX Inc. Reaches 52-Week High on Strong Q2, Good Tidings - Analyst Blog",-0.8518456220626831,-0.0033661262523210222
2018-04-05,HMNY,Premarket Gainers as of 9:05 am (1/18/2018),0.859437882900238,0.02083333333333326
2015-07-14,CSX,CSX,0.8804845213890076,0.0102902633968871
2013-05-14,ORLY,O'Reilly Bullish Signs,0.7464402318000793,0.000625696981242152
2018-09-24,ENSG,Ensign declares $0.045 dividend,0.8729091286659241,0.018132743858974676
2018-05-23,SCVL,Notable earnings after Thursday's close,-0.8546802401542664,0.028504413169475162
2016-03-01,KKR,Sampling Dividend Cuts In February 2016,0.04458794742822647,-0.013888664395811823
2013-08-21,LITB,Stocks Weaken Ahead Of Fed Minutes; Questcor Gains,0.001338217407464981,-0.10431658830680957
2020-03-06,FLO,Flowers Foods Earns Relative Strength Rating Upgrade; Hits Key Threshold,-0.9093502759933472,-0.04473784379865475
2018-06-08,FET,Energy/Materials - Top 5 Gainers / Losers as of 2:00 PM (06/08/2018),0.756100594997406,-0.015625
2018-03-12,TRMB,Trimble (TRMB) Down 5.8% Since Earnings Report: Can It Rebound?,0.008136252872645855,-0.010927581241421791
